Тип	Вид	Раздел	Имя	ИмяАнгл	Представление	ТипЗначения	ЗначениеПоУмолчанию	Основное	Значение1	ЗначениеАнгл1	ПредставлениеЗначения1	Значение2	ЗначениеАнгл2	ПредставлениеЗначения2	Значение3	ЗначениеАнгл3	ПредставлениеЗначения3	Значение4	ЗначениеАнгл4	ПредставлениеЗначения4	Значение5	ЗначениеАнгл5	ПредставлениеЗначения5	Значение6	ЗначениеАнгл6	ПредставлениеЗначения6	Значение7	ЗначениеАнгл7	ПредставлениеЗначения7	Значение8	ЗначениеАнгл8	ПредставлениеЗначения8	Значение9	ЗначениеАнгл9	ПредставлениеЗначения9	Значение10	ЗначениеАнгл10	ПредставлениеЗначения10	Значение11	ЗначениеАнгл11	ПредставлениеЗначения11	Значение12	ЗначениеАнгл12	ПредставлениеЗначения12	Значение13	ЗначениеАнгл13	ПредставлениеЗначения13	Значение14	ЗначениеАнгл14	ПредставлениеЗначения14	Значение15	ЗначениеАнгл15	ПредставлениеЗначения15	Значение16	ЗначениеАнгл16	ПредставлениеЗначения16	Значение17	ЗначениеАнгл17	ПредставлениеЗначения17	Значение18	ЗначениеАнгл18	ПредставлениеЗначения18	Значение19	ЗначениеАнгл19	ПредставлениеЗначения19	Значение20	ЗначениеАнгл20	ПредставлениеЗначения20
ГруппаФормы	ГруппаКнопок	Основные	Заголовок	Title	Заголовок	Строка		Истина																																																												
ГруппаФормы	ГруппаКнопок	Основные	Вид	Type	Вид	ВидГруппыФормы			ГруппаКнопок	ButtonGroup	Группа кнопок	ГруппаКолонок	ColumnGroup	Группа колонок	КоманднаяПанель	CommandBar	Командная панель	КонтекстноеМеню	ContextMenu	Контекстное меню	ОбычнаяГруппа	UsualGroup	Обычная группа	Подменю	Popup	Подменю	Страница	Page	Страница	Страницы	Pages	Страницы																																				
ГруппаФормы	ГруппаКнопок	Основные	Видимость	Visible	Видимость	Булево	Истина																																																													
ГруппаФормы	ГруппаКнопок	Основные	Доступность	Enabled	Доступность	Булево	Истина	Истина																																																												
ГруппаФормы	ГруппаКнопок	Основные	ТолькоПросмотр	ReadOnly	Только просмотр	Булево		Истина																																																												
ГруппаФормы	ГруппаКнопок	Основные	РазрешитьИзменениеСостава	EnableContentChange	Разрешить изменение состава	Булево																																																														
ГруппаФормы	ГруппаКнопок	Основные	ВажностьПриОтображении	DisplayImportance	Важность при отображении	ВажностьПриОтображении	Авто		Авто	Auto	Авто	Высокая	High	Высокая	Низкая	Low	Низкая	Обычная	Usual	Обычная	ОченьВысокая	VeryHigh	Очень высокая	ОченьНизкая	VeryLow	Очень низкая																																										
ГруппаФормы	ГруппаКнопок	Основные	Отображение	Representation	Отображение	ОтображениеГруппыКнопок	Авто	Истина	Авто	Auto	Авто	Компактное	Compact	Компактное	Обычное	Usual	Обычное																																																			
ГруппаФормы	ГруппаКнопок	Использование	Подсказка	ToolTip	Подсказка	Строка		Истина																																																												
ГруппаФормы	ГруппаКнопок	Использование	ОтображениеПодсказки	ToolTipRepresentation	Отображение подсказки	ОтображениеПодсказки	Авто	Истина	Авто	Auto	Авто	Всплывающая	Balloon	Всплывающая подсказка	Кнопка	Button	Кнопка	Нет	None	Нет	ОтображатьАвто	ShowAuto	Отображать авто	ОтображатьСверху	ShowTop	Отображать сверху	ОтображатьСлева	ShowLeft	Отображать слева	ОтображатьСнизу	ShowBottom	Отображать снизу	ОтображатьСправа	ShowRight	Отображать справа																																	
ГруппаФормы	ГруппаКнопок	Оформление	ЦветТекстаЗаголовка	TitleTextColor	Цвет текста заголовка	Цвет		Истина																																																												
ГруппаФормы	ГруппаКнопок	Оформление	ШрифтЗаголовка	TitleFont	Шрифт заголовка	Шрифт		Истина																																																												
ГруппаФормы	ГруппаКнопок	Расположение	Ширина	Width	Ширина	Число		Истина																																																												
ГруппаФормы	ГруппаКнопок	Расположение	Высота	Height	Высота	Число		Истина																																																												
ГруппаФормы	ГруппаКнопок	Расположение	ГоризонтальноеПоложениеВГруппе	HorizontalAlignInGroup	Горизонтальное положение в группе	ГоризонтальноеПоложениеЭлемента	Авто	Истина	Авто	Auto	Авто	Лево	Left	Лево	Право	Right	Право	Центр	Center	Центр																																																
ГруппаФормы	ГруппаКнопок	Расположение	ВертикальноеПоложениеВГруппе	VerticalAlignInGroup	Вертикальное положение в группе	ВертикальноеПоложениеЭлемента	Авто	Истина	Авто	Auto	Авто	Верх	Top	Верх	Низ	Bottom	Низ	Центр	Center	Центр																																																
ГруппаФормы	ГруппаКнопок	Расположение	РастягиватьПоГоризонтали	HorizontalStretch	Растягивать по горизонтали	БулевоНеопределено		Истина																																																												
ГруппаФормы	ГруппаКнопок	Расположение	РастягиватьПоВертикали	VerticalStretch	Растягивать по вертикали	БулевоНеопределено		Истина																																																												
ГруппаФормы	ГруппаКолонок	Основные	Заголовок	Title	Заголовок	Строка		Истина																																																												
ГруппаФормы	ГруппаКолонок	Основные	Вид	Type	Вид	ВидГруппыФормы			ГруппаКнопок	ButtonGroup	Группа кнопок	ГруппаКолонок	ColumnGroup	Группа колонок	КоманднаяПанель	CommandBar	Командная панель	КонтекстноеМеню	ContextMenu	Контекстное меню	ОбычнаяГруппа	UsualGroup	Обычная группа	Подменю	Popup	Подменю	Страница	Page	Страница	Страницы	Pages	Страницы																																				
ГруппаФормы	ГруппаКолонок	Основные	Видимость	Visible	Видимость	Булево	Истина																																																													
ГруппаФормы	ГруппаКолонок	Основные	Доступность	Enabled	Доступность	Булево	Истина	Истина																																																												
ГруппаФормы	ГруппаКолонок	Основные	ТолькоПросмотр	ReadOnly	Только просмотр	Булево		Истина																																																												
ГруппаФормы	ГруппаКолонок	Основные	РазрешитьИзменениеСостава	EnableContentChange	Разрешить изменение состава	Булево																																																														
ГруппаФормы	ГруппаКолонок	Основные	ВажностьПриОтображении	DisplayImportance	Важность при отображении	ВажностьПриОтображении	Авто		Авто	Auto	Авто	Высокая	High	Высокая	Низкая	Low	Низкая	Обычная	Usual	Обычная	ОченьВысокая	VeryHigh	Очень высокая	ОченьНизкая	VeryLow	Очень низкая																																										
ГруппаФормы	ГруппаКолонок	Основные	ПутьКДаннымШапки	HeaderDataPath	Путь к данным шапки	Строка																																																														
ГруппаФормы	ГруппаКолонок	Основные	Группировка	Group	Группировка	ГруппировкаКолонок			Вертикальная	Vertical	Вертикальная	ВЯчейке	InCell	В ячейке	Горизонтальная	Horizontal	Горизонтальная																																																			
ГруппаФормы	ГруппаКолонок	Использование	Подсказка	ToolTip	Подсказка	Строка		Истина																																																												
ГруппаФормы	ГруппаКолонок	Использование	ОтображениеПодсказки	ToolTipRepresentation	Отображение подсказки	ОтображениеПодсказки	Авто	Истина	Авто	Auto	Авто	Всплывающая	Balloon	Всплывающая подсказка	Кнопка	Button	Кнопка	Нет	None	Нет	ОтображатьАвто	ShowAuto	Отображать авто	ОтображатьСверху	ShowTop	Отображать сверху	ОтображатьСлева	ShowLeft	Отображать слева	ОтображатьСнизу	ShowBottom	Отображать снизу	ОтображатьСправа	ShowRight	Отображать справа																																	
ГруппаФормы	ГруппаКолонок	Оформление	ЦветТекстаЗаголовка	TitleTextColor	Цвет текста заголовка	Цвет		Истина																																																												
ГруппаФормы	ГруппаКолонок	Оформление	ШрифтЗаголовка	TitleFont	Шрифт заголовка	Шрифт		Истина																																																												
ГруппаФормы	ГруппаКолонок	Расположение	Ширина	Width	Ширина	Число		Истина																																																												
ГруппаФормы	ГруппаКолонок	Расположение	Высота	Height	Высота	Число		Истина																																																												
ГруппаФормы	ГруппаКолонок	Расположение	ГоризонтальноеПоложениеВГруппе	HorizontalAlignInGroup	Горизонтальное положение в группе	ГоризонтальноеПоложениеЭлемента	Авто	Истина	Авто	Auto	Авто	Лево	Left	Лево	Право	Right	Право	Центр	Center	Центр																																																
ГруппаФормы	ГруппаКолонок	Расположение	ВертикальноеПоложениеВГруппе	VerticalAlignInGroup	Вертикальное положение в группе	ВертикальноеПоложениеЭлемента	Авто	Истина	Авто	Auto	Авто	Верх	Top	Верх	Низ	Bottom	Низ	Центр	Center	Центр																																																
ГруппаФормы	ГруппаКолонок	Расположение	РастягиватьПоГоризонтали	HorizontalStretch	Растягивать по горизонтали	БулевоНеопределено		Истина																																																												
ГруппаФормы	ГруппаКолонок	Расположение	РастягиватьПоВертикали	VerticalStretch	Растягивать по вертикали	БулевоНеопределено		Истина																																																												
ГруппаФормы	КоманднаяПанель	Основные	Заголовок	Title	Заголовок	Строка		Истина																																																												
ГруппаФормы	КоманднаяПанель	Основные	Вид	Type	Вид	ВидГруппыФормы			ГруппаКнопок	ButtonGroup	Группа кнопок	ГруппаКолонок	ColumnGroup	Группа колонок	КоманднаяПанель	CommandBar	Командная панель	КонтекстноеМеню	ContextMenu	Контекстное меню	ОбычнаяГруппа	UsualGroup	Обычная группа	Подменю	Popup	Подменю	Страница	Page	Страница	Страницы	Pages	Страницы																																				
ГруппаФормы	КоманднаяПанель	Основные	Видимость	Visible	Видимость	Булево	Истина																																																													
ГруппаФормы	КоманднаяПанель	Основные	Доступность	Enabled	Доступность	Булево	Истина	Истина																																																												
ГруппаФормы	КоманднаяПанель	Основные	ТолькоПросмотр	ReadOnly	Только просмотр	Булево		Истина																																																												
ГруппаФормы	КоманднаяПанель	Основные	РазрешитьИзменениеСостава	EnableContentChange	Разрешить изменение состава	Булево																																																														
ГруппаФормы	КоманднаяПанель	Основные	ВажностьПриОтображении	DisplayImportance	Важность при отображении	ВажностьПриОтображении	Авто		Авто	Auto	Авто	Высокая	High	Высокая	Низкая	Low	Низкая	Обычная	Usual	Обычная	ОченьВысокая	VeryHigh	Очень высокая	ОченьНизкая	VeryLow	Очень низкая																																										
ГруппаФормы	КоманднаяПанель	Использование	СочетаниеКлавиш	Shortcut	Сочетание клавиш	Сочетание клавиш																																																														
ГруппаФормы	КоманднаяПанель	Использование	Подсказка	ToolTip	Подсказка	Строка		Истина																																																												
ГруппаФормы	КоманднаяПанель	Использование	ОтображениеПодсказки	ToolTipRepresentation	Отображение подсказки	ОтображениеПодсказки	Авто	Истина	Авто	Auto	Авто	Всплывающая	Balloon	Всплывающая подсказка	Кнопка	Button	Кнопка	Нет	None	Нет	ОтображатьАвто	ShowAuto	Отображать авто	ОтображатьСверху	ShowTop	Отображать сверху	ОтображатьСлева	ShowLeft	Отображать слева	ОтображатьСнизу	ShowBottom	Отображать снизу	ОтображатьСправа	ShowRight	Отображать справа																																	
ГруппаФормы	КоманднаяПанель	Оформление	ЦветТекстаЗаголовка	TitleTextColor	Цвет текста заголовка	Цвет		Истина																																																												
ГруппаФормы	КоманднаяПанель	Оформление	ШрифтЗаголовка	TitleFont	Шрифт заголовка	Шрифт		Истина																																																												
ГруппаФормы	КоманднаяПанель	Расположение	Ширина	Width	Ширина	Число		Истина																																																												
ГруппаФормы	КоманднаяПанель	Расположение	Высота	Height	Высота	Число		Истина																																																												
ГруппаФормы	КоманднаяПанель	Расположение	ГоризонтальноеПоложениеВГруппе	HorizontalAlignInGroup	Горизонтальное положение в группе	ГоризонтальноеПоложениеЭлемента	Авто	Истина	Авто	Auto	Авто	Лево	Left	Лево	Право	Right	Право	Центр	Center	Центр																																																
ГруппаФормы	КоманднаяПанель	Расположение	ВертикальноеПоложениеВГруппе	VerticalAlignInGroup	Вертикальное положение в группе	ВертикальноеПоложениеЭлемента	Авто	Истина	Авто	Auto	Авто	Верх	Top	Верх	Низ	Bottom	Низ	Центр	Center	Центр																																																
ГруппаФормы	КоманднаяПанель	Расположение	РастягиватьПоГоризонтали	HorizontalStretch	Растягивать по горизонтали	БулевоНеопределено		Истина																																																												
ГруппаФормы	КоманднаяПанель	Расположение	РастягиватьПоВертикали	VerticalStretch	Растягивать по вертикали	БулевоНеопределено		Истина																																																												
ГруппаФормы	КонтекстноеМеню	Основные	Заголовок	Title	Заголовок	Строка		Истина																																																												
ГруппаФормы	КонтекстноеМеню	Основные	Вид	Type	Вид	ВидГруппыФормы			ГруппаКнопок	ButtonGroup	Группа кнопок	ГруппаКолонок	ColumnGroup	Группа колонок	КоманднаяПанель	CommandBar	Командная панель	КонтекстноеМеню	ContextMenu	Контекстное меню	ОбычнаяГруппа	UsualGroup	Обычная группа	Подменю	Popup	Подменю	Страница	Page	Страница	Страницы	Pages	Страницы																																				
ГруппаФормы	КонтекстноеМеню	Основные	Видимость	Visible	Видимость	Булево	Истина																																																													
ГруппаФормы	КонтекстноеМеню	Основные	Доступность	Enabled	Доступность	Булево	Истина	Истина																																																												
ГруппаФормы	КонтекстноеМеню	Основные	ТолькоПросмотр	ReadOnly	Только просмотр	Булево		Истина																																																												
ГруппаФормы	КонтекстноеМеню	Основные	РазрешитьИзменениеСостава	EnableContentChange	Разрешить изменение состава	Булево																																																														
ГруппаФормы	КонтекстноеМеню	Основные	ВажностьПриОтображении	DisplayImportance	Важность при отображении	ВажностьПриОтображении	Авто		Авто	Auto	Авто	Высокая	High	Высокая	Низкая	Low	Низкая	Обычная	Usual	Обычная	ОченьВысокая	VeryHigh	Очень высокая	ОченьНизкая	VeryLow	Очень низкая																																										
ГруппаФормы	КонтекстноеМеню	Использование	Подсказка	ToolTip	Подсказка	Строка		Истина																																																												
ГруппаФормы	КонтекстноеМеню	Использование	ОтображениеПодсказки	ToolTipRepresentation	Отображение подсказки	ОтображениеПодсказки	Авто	Истина	Авто	Auto	Авто	Всплывающая	Balloon	Всплывающая подсказка	Кнопка	Button	Кнопка	Нет	None	Нет	ОтображатьАвто	ShowAuto	Отображать авто	ОтображатьСверху	ShowTop	Отображать сверху	ОтображатьСлева	ShowLeft	Отображать слева	ОтображатьСнизу	ShowBottom	Отображать снизу	ОтображатьСправа	ShowRight	Отображать справа																																	
ГруппаФормы	КонтекстноеМеню	Оформление	ЦветТекстаЗаголовка	TitleTextColor	Цвет текста заголовка	Цвет		Истина																																																												
ГруппаФормы	КонтекстноеМеню	Оформление	ШрифтЗаголовка	TitleFont	Шрифт заголовка	Шрифт		Истина																																																												
ГруппаФормы	КонтекстноеМеню	Расположение	Ширина	Width	Ширина	Число		Истина																																																												
ГруппаФормы	КонтекстноеМеню	Расположение	Высота	Height	Высота	Число		Истина																																																												
ГруппаФормы	КонтекстноеМеню	Расположение	ГоризонтальноеПоложениеВГруппе	HorizontalAlignInGroup	Горизонтальное положение в группе	ГоризонтальноеПоложениеЭлемента	Авто	Истина	Авто	Auto	Авто	Лево	Left	Лево	Право	Right	Право	Центр	Center	Центр																																																
ГруппаФормы	КонтекстноеМеню	Расположение	ВертикальноеПоложениеВГруппе	VerticalAlignInGroup	Вертикальное положение в группе	ВертикальноеПоложениеЭлемента	Авто	Истина	Авто	Auto	Авто	Верх	Top	Верх	Низ	Bottom	Низ	Центр	Center	Центр																																																
ГруппаФормы	КонтекстноеМеню	Расположение	РастягиватьПоГоризонтали	HorizontalStretch	Растягивать по горизонтали	БулевоНеопределено		Истина																																																												
ГруппаФормы	КонтекстноеМеню	Расположение	РастягиватьПоВертикали	VerticalStretch	Растягивать по вертикали	БулевоНеопределено		Истина																																																												
ГруппаФормы	ОбычнаяГруппа	Основные	Заголовок	Title	Заголовок	Строка		Истина																																																												
ГруппаФормы	ОбычнаяГруппа	Основные	Вид	Type	Вид	ВидГруппыФормы			ГруппаКнопок	ButtonGroup	Группа кнопок	ГруппаКолонок	ColumnGroup	Группа колонок	КоманднаяПанель	CommandBar	Командная панель	КонтекстноеМеню	ContextMenu	Контекстное меню	ОбычнаяГруппа	UsualGroup	Обычная группа	Подменю	Popup	Подменю	Страница	Page	Страница	Страницы	Pages	Страницы																																				
ГруппаФормы	ОбычнаяГруппа	Основные	Видимость	Visible	Видимость	Булево	Истина																																																													
ГруппаФормы	ОбычнаяГруппа	Основные	Доступность	Enabled	Доступность	Булево	Истина	Истина																																																												
ГруппаФормы	ОбычнаяГруппа	Основные	ТолькоПросмотр	ReadOnly	Только просмотр	Булево		Истина																																																												
ГруппаФормы	ОбычнаяГруппа	Основные	РазрешитьИзменениеСостава	EnableContentChange	Разрешить изменение состава	Булево																																																														
ГруппаФормы	ОбычнаяГруппа	Основные	ВажностьПриОтображении	DisplayImportance	Важность при отображении	ВажностьПриОтображении	Авто		Авто	Auto	Авто	Высокая	High	Высокая	Низкая	Low	Низкая	Обычная	Usual	Обычная	ОченьВысокая	VeryHigh	Очень высокая	ОченьНизкая	VeryLow	Очень низкая																																										
ГруппаФормы	ОбычнаяГруппа	Основные	Поведение	Behavior	Поведение	ПоведениеОбычнойГруппы	Авто	Истина	Авто	Auto	Авто	Всплывающая	PopUp	Всплывающая	Обычное	Usual	Обычное	Свертываемая	Collapsible	Свертываемая																																																
ГруппаФормы	ОбычнаяГруппа	Основные	Отображение	Representation	Отображение	ОтображениеОбычнойГруппы	Нет	Истина	Нет	None	Нет	ОбычноеВыделение	NormalSeparation	Обычное выделение	СильноеВыделение	StrongSeparation	Сильное выделение	СлабоеВыделение	WeakSeparation	Слабое выделение																																																
ГруппаФормы	ОбычнаяГруппа	Основные	Группировка	Group	Группировка	ГруппировкаПодчиненныхЭлементовФормы			Вертикальная	Vertical	Вертикальная	ГоризонтальнаяВсегда	AlwaysHorizontal	Горизонтальная всегда	ГоризонтальнаяЕслиВозможно	HorizontalIfPossible	Горизонтальная если возможно																																																			
ГруппаФормы	ОбычнаяГруппа	Основные	Объединенная	United	Объединенная	Булево																																																														
ГруппаФормы	ОбычнаяГруппа	Основные	СквозноеВыравнивание	ThroughAlign	Сквозное выравнивание	СквозноеВыравнивание	Авто		Авто	Auto	Авто	Использовать	Use	Использовать	НеИспользовать	DontUse	Не использовать																																																			
ГруппаФормы	ОбычнаяГруппа	Основные	ПутьКДаннымЗаголовка	TitleDataPath	Путь к данным заголовка	Строка																																																														
ГруппаФормы	ОбычнаяГруппа	Основные	ИспользованиеТекущейСтроки	CurrentRowUse	Использование текущей строки	ИспользованиеТекущейСтроки	Авто		Авто	Auto	Авто	Использует	Use	Использует	НеИспользует	DontUse	Не использует																																																			
ГруппаФормы	ОбычнаяГруппа	Основные	ИспользуемаяТаблица	AssociatedTable	Используемая таблица	Таблица формы																																																														
ГруппаФормы	ОбычнаяГруппа	Использование	СочетаниеКлавиш	Shortcut	Сочетание клавиш	Сочетание клавиш																																																														
ГруппаФормы	ОбычнаяГруппа	Использование	Подсказка	ToolTip	Подсказка	Строка		Истина																																																												
ГруппаФормы	ОбычнаяГруппа	Использование	ОтображениеПодсказки	ToolTipRepresentation	Отображение подсказки	ОтображениеПодсказки	Авто	Истина	Авто	Auto	Авто	Всплывающая	Balloon	Всплывающая подсказка	Кнопка	Button	Кнопка	Нет	None	Нет	ОтображатьАвто	ShowAuto	Отображать авто	ОтображатьСверху	ShowTop	Отображать сверху	ОтображатьСлева	ShowLeft	Отображать слева	ОтображатьСнизу	ShowBottom	Отображать снизу	ОтображатьСправа	ShowRight	Отображать справа																																	
ГруппаФормы	ОбычнаяГруппа	Использование	ВыравниваниеЭлементовИЗаголовков	ItemsAndTitlesAlign	Выравнивание элементов и заголовков	ВариантВыравниванияЭлементовИЗаголовков	Авто		Авто	Auto	Авто	Нет	None	Нет	ЭлементыЛевоЗаголовкиЛево	ItemsLeftTitlesLeft	Лево, заголовки лево	ЭлементыЛевоЗаголовкиПраво	ItemsLeftTitlesRight	Лево, заголовки право	ЭлементыПравоЗаголовкиЛево	ItemsRightTitlesLeft	Право, заголовки лево	ЭлементыПравоЗаголовкиПраво	ItemsRightTitlesRight	Право, заголовки право																																										
ГруппаФормы	ОбычнаяГруппа	Использование	ОтображатьЗаголовок	ShowTitle	Отображать заголовок	Булево	Истина	Истина																																																												
ГруппаФормы	ОбычнаяГруппа	Оформление	ЦветТекстаЗаголовка	TitleTextColor	Цвет текста заголовка	Цвет		Истина																																																												
ГруппаФормы	ОбычнаяГруппа	Оформление	ШрифтЗаголовка	TitleFont	Шрифт заголовка	Шрифт		Истина																																																												
ГруппаФормы	ОбычнаяГруппа	Оформление	ГоризонтальныйИнтервал	HorizontalSpacing	Горизонтальный интервал	ИнтервалМеждуЭлементамиФормы	Авто		Авто	Auto	Авто	Двойной	Double	Двойной	Нет	None	Нет	Одинарный	Single	Одинарный	Половинный	Half	Половинный	Полуторный	OneAndHalf	Полуторный																																										
ГруппаФормы	ОбычнаяГруппа	Оформление	ВертикальныйИнтервал	VerticalSpacing	Вертикальный интервал	ИнтервалМеждуЭлементамиФормы	Авто		Авто	Auto	Авто	Двойной	Double	Двойной	Нет	None	Нет	Одинарный	Single	Одинарный	Половинный	Half	Половинный	Полуторный	OneAndHalf	Полуторный																																										
ГруппаФормы	ОбычнаяГруппа	Оформление	ЦветФона	BackColor	Цвет фона	Цвет		Истина																																																												
ГруппаФормы	ОбычнаяГруппа	Расположение	Ширина	Width	Ширина	Число		Истина																																																												
ГруппаФормы	ОбычнаяГруппа	Расположение	Высота	Height	Высота	Число		Истина																																																												
ГруппаФормы	ОбычнаяГруппа	Расположение	ГоризонтальноеПоложениеВГруппе	HorizontalAlignInGroup	Горизонтальное положение в группе	ГоризонтальноеПоложениеЭлемента	Авто	Истина	Авто	Auto	Авто	Лево	Left	Лево	Право	Right	Право	Центр	Center	Центр																																																
ГруппаФормы	ОбычнаяГруппа	Расположение	ВертикальноеПоложениеВГруппе	VerticalAlignInGroup	Вертикальное положение в группе	ВертикальноеПоложениеЭлемента	Авто	Истина	Авто	Auto	Авто	Верх	Top	Верх	Низ	Bottom	Низ	Центр	Center	Центр																																																
ГруппаФормы	ОбычнаяГруппа	Расположение	ГоризонтальноеПоложениеПодчиненных	ChildItemsHorizontalAlign	Горизонтальное положение подчиненных	ГоризонтальноеПоложениеЭлемента	Авто		Авто	Auto	Авто	Лево	Left	Лево	Право	Right	Право	Центр	Center	Центр																																																
ГруппаФормы	ОбычнаяГруппа	Расположение	ВертикальноеПоложениеПодчиненных	ChildItemsVerticalAlign	Вертикальное положение подчиненных	ВертикальноеПоложениеЭлемента	Авто		Авто	Auto	Авто	Верх	Top	Верх	Низ	Bottom	Низ	Центр	Center	Центр																																																
ГруппаФормы	ОбычнаяГруппа	Расположение	РастягиватьПоГоризонтали	HorizontalStretch	Растягивать по горизонтали	БулевоНеопределено		Истина																																																												
ГруппаФормы	ОбычнаяГруппа	Расположение	РастягиватьПоВертикали	VerticalStretch	Растягивать по вертикали	БулевоНеопределено		Истина																																																												
ГруппаФормы	Подменю	Основные	Заголовок	Title	Заголовок	Строка		Истина																																																												
ГруппаФормы	Подменю	Основные	Вид	Type	Вид	ВидГруппыФормы			ГруппаКнопок	ButtonGroup	Группа кнопок	ГруппаКолонок	ColumnGroup	Группа колонок	КоманднаяПанель	CommandBar	Командная панель	КонтекстноеМеню	ContextMenu	Контекстное меню	ОбычнаяГруппа	UsualGroup	Обычная группа	Подменю	Popup	Подменю	Страница	Page	Страница	Страницы	Pages	Страницы																																				
ГруппаФормы	Подменю	Основные	Видимость	Visible	Видимость	Булево	Истина																																																													
ГруппаФормы	Подменю	Основные	Доступность	Enabled	Доступность	Булево	Истина	Истина																																																												
ГруппаФормы	Подменю	Основные	ТолькоПросмотр	ReadOnly	Только просмотр	Булево		Истина																																																												
ГруппаФормы	Подменю	Основные	РазрешитьИзменениеСостава	EnableContentChange	Разрешить изменение состава	Булево																																																														
ГруппаФормы	Подменю	Основные	ВажностьПриОтображении	DisplayImportance	Важность при отображении	ВажностьПриОтображении	Авто		Авто	Auto	Авто	Высокая	High	Высокая	Низкая	Low	Низкая	Обычная	Usual	Обычная	ОченьВысокая	VeryHigh	Очень высокая	ОченьНизкая	VeryLow	Очень низкая																																										
ГруппаФормы	Подменю	Основные	Картинка	Picture	Картинка	Картинка																																																														
ГруппаФормы	Подменю	Основные	Отображение	Representation	Отображение	ОтображениеКнопки	Авто	Истина	Авто	Auto	Авто	Картинка	Picture	Картинка	КартинкаИТекст	PictureAndText	Картинка и текст	Текст	Text	Текст																																																
ГруппаФормы	Подменю	Использование	Подсказка	ToolTip	Подсказка	Строка		Истина																																																												
ГруппаФормы	Подменю	Использование	ОтображениеПодсказки	ToolTipRepresentation	Отображение подсказки	ОтображениеПодсказки	Авто	Истина	Авто	Auto	Авто	Всплывающая	Balloon	Всплывающая подсказка	Кнопка	Button	Кнопка	Нет	None	Нет	ОтображатьАвто	ShowAuto	Отображать авто	ОтображатьСверху	ShowTop	Отображать сверху	ОтображатьСлева	ShowLeft	Отображать слева	ОтображатьСнизу	ShowBottom	Отображать снизу	ОтображатьСправа	ShowRight	Отображать справа																																	
ГруппаФормы	Подменю	Оформление	ЦветТекстаЗаголовка	TitleTextColor	Цвет текста заголовка	Цвет		Истина																																																												
ГруппаФормы	Подменю	Оформление	ШрифтЗаголовка	TitleFont	Шрифт заголовка	Шрифт		Истина																																																												
ГруппаФормы	Подменю	Расположение	Ширина	Width	Ширина	Число		Истина																																																												
ГруппаФормы	Подменю	Расположение	Высота	Height	Высота	Число		Истина																																																												
ГруппаФормы	Подменю	Расположение	ГоризонтальноеПоложениеВГруппе	HorizontalAlignInGroup	Горизонтальное положение в группе	ГоризонтальноеПоложениеЭлемента	Авто	Истина	Авто	Auto	Авто	Лево	Left	Лево	Право	Right	Право	Центр	Center	Центр																																																
ГруппаФормы	Подменю	Расположение	ВертикальноеПоложениеВГруппе	VerticalAlignInGroup	Вертикальное положение в группе	ВертикальноеПоложениеЭлемента	Авто	Истина	Авто	Auto	Авто	Верх	Top	Верх	Низ	Bottom	Низ	Центр	Center	Центр																																																
ГруппаФормы	Подменю	Расположение	РастягиватьПоГоризонтали	HorizontalStretch	Растягивать по горизонтали	БулевоНеопределено		Истина																																																												
ГруппаФормы	Подменю	Расположение	РастягиватьПоВертикали	VerticalStretch	Растягивать по вертикали	БулевоНеопределено		Истина																																																												
ГруппаФормы	Страница	Основные	Заголовок	Title	Заголовок	Строка		Истина																																																												
ГруппаФормы	Страница	Основные	Вид	Type	Вид	ВидГруппыФормы			ГруппаКнопок	ButtonGroup	Группа кнопок	ГруппаКолонок	ColumnGroup	Группа колонок	КоманднаяПанель	CommandBar	Командная панель	КонтекстноеМеню	ContextMenu	Контекстное меню	ОбычнаяГруппа	UsualGroup	Обычная группа	Подменю	Popup	Подменю	Страница	Page	Страница	Страницы	Pages	Страницы																																				
ГруппаФормы	Страница	Основные	Видимость	Visible	Видимость	Булево	Истина																																																													
ГруппаФормы	Страница	Основные	Доступность	Enabled	Доступность	Булево	Истина	Истина																																																												
ГруппаФормы	Страница	Основные	ТолькоПросмотр	ReadOnly	Только просмотр	Булево		Истина																																																												
ГруппаФормы	Страница	Основные	РазрешитьИзменениеСостава	EnableContentChange	Разрешить изменение состава	Булево																																																														
ГруппаФормы	Страница	Основные	ВажностьПриОтображении	DisplayImportance	Важность при отображении	ВажностьПриОтображении	Авто		Авто	Auto	Авто	Высокая	High	Высокая	Низкая	Low	Низкая	Обычная	Usual	Обычная	ОченьВысокая	VeryHigh	Очень высокая	ОченьНизкая	VeryLow	Очень низкая																																										
ГруппаФормы	Страница	Использование	СочетаниеКлавиш	Shortcut	Сочетание клавиш	Сочетание клавиш																																																														
ГруппаФормы	Страница	Использование	Подсказка	ToolTip	Подсказка	Строка		Истина																																																												
ГруппаФормы	Страница	Использование	ОтображениеПодсказки	ToolTipRepresentation	Отображение подсказки	ОтображениеПодсказки	Авто	Истина	Авто	Auto	Авто	Всплывающая	Balloon	Всплывающая подсказка	Кнопка	Button	Кнопка	Нет	None	Нет	ОтображатьАвто	ShowAuto	Отображать авто	ОтображатьСверху	ShowTop	Отображать сверху	ОтображатьСлева	ShowLeft	Отображать слева	ОтображатьСнизу	ShowBottom	Отображать снизу	ОтображатьСправа	ShowRight	Отображать справа																																	
ГруппаФормы	Страница	Оформление	ЦветТекстаЗаголовка	TitleTextColor	Цвет текста заголовка	Цвет		Истина																																																												
ГруппаФормы	Страница	Оформление	ШрифтЗаголовка	TitleFont	Шрифт заголовка	Шрифт		Истина																																																												
ГруппаФормы	Страница	Оформление	ЦветФона	BackColor	Цвет фона	Цвет		Истина																																																												
ГруппаФормы	Страница	Расположение	Ширина	Width	Ширина	Число		Истина																																																												
ГруппаФормы	Страница	Расположение	Высота	Height	Высота	Число		Истина																																																												
ГруппаФормы	Страница	Расположение	ГоризонтальноеПоложениеВГруппе	HorizontalAlignInGroup	Горизонтальное положение в группе	ГоризонтальноеПоложениеЭлемента	Авто	Истина	Авто	Auto	Авто	Лево	Left	Лево	Право	Right	Право	Центр	Center	Центр																																																
ГруппаФормы	Страница	Расположение	ВертикальноеПоложениеВГруппе	VerticalAlignInGroup	Вертикальное положение в группе	ВертикальноеПоложениеЭлемента	Авто	Истина	Авто	Auto	Авто	Верх	Top	Верх	Низ	Bottom	Низ	Центр	Center	Центр																																																
ГруппаФормы	Страница	Расположение	РастягиватьПоГоризонтали	HorizontalStretch	Растягивать по горизонтали	БулевоНеопределено		Истина																																																												
ГруппаФормы	Страница	Расположение	РастягиватьПоВертикали	VerticalStretch	Растягивать по вертикали	БулевоНеопределено		Истина																																																												
ГруппаФормы	Страницы	Основные	Заголовок	Title	Заголовок	Строка		Истина																																																												
ГруппаФормы	Страницы	Основные	Вид	Type	Вид	ВидГруппыФормы			ГруппаКнопок	ButtonGroup	Группа кнопок	ГруппаКолонок	ColumnGroup	Группа колонок	КоманднаяПанель	CommandBar	Командная панель	КонтекстноеМеню	ContextMenu	Контекстное меню	ОбычнаяГруппа	UsualGroup	Обычная группа	Подменю	Popup	Подменю	Страница	Page	Страница	Страницы	Pages	Страницы																																				
ГруппаФормы	Страницы	Основные	Видимость	Visible	Видимость	Булево	Истина																																																													
ГруппаФормы	Страницы	Основные	Доступность	Enabled	Доступность	Булево	Истина	Истина																																																												
ГруппаФормы	Страницы	Основные	ТолькоПросмотр	ReadOnly	Только просмотр	Булево		Истина																																																												
ГруппаФормы	Страницы	Основные	РазрешитьИзменениеСостава	EnableContentChange	Разрешить изменение состава	Булево																																																														
ГруппаФормы	Страницы	Основные	ВажностьПриОтображении	DisplayImportance	Важность при отображении	ВажностьПриОтображении	Авто		Авто	Auto	Авто	Высокая	High	Высокая	Низкая	Low	Низкая	Обычная	Usual	Обычная	ОченьВысокая	VeryHigh	Очень высокая	ОченьНизкая	VeryLow	Очень низкая																																										
ГруппаФормы	Страницы	Использование	СочетаниеКлавиш	Shortcut	Сочетание клавиш	Сочетание клавиш																																																														
ГруппаФормы	Страницы	Использование	Подсказка	ToolTip	Подсказка	Строка		Истина																																																												
ГруппаФормы	Страницы	Использование	ОтображениеПодсказки	ToolTipRepresentation	Отображение подсказки	ОтображениеПодсказки	Авто	Истина	Авто	Auto	Авто	Всплывающая	Balloon	Всплывающая подсказка	Кнопка	Button	Кнопка	Нет	None	Нет	ОтображатьАвто	ShowAuto	Отображать авто	ОтображатьСверху	ShowTop	Отображать сверху	ОтображатьСлева	ShowLeft	Отображать слева	ОтображатьСнизу	ShowBottom	Отображать снизу	ОтображатьСправа	ShowRight	Отображать справа																																	
ГруппаФормы	Страницы	Оформление	ЦветТекстаЗаголовка	TitleTextColor	Цвет текста заголовка	Цвет		Истина																																																												
ГруппаФормы	Страницы	Оформление	ШрифтЗаголовка	TitleFont	Шрифт заголовка	Шрифт		Истина																																																												
ГруппаФормы	Страницы	Расположение	Ширина	Width	Ширина	Число		Истина																																																												
ГруппаФормы	Страницы	Расположение	Высота	Height	Высота	Число		Истина																																																												
ГруппаФормы	Страницы	Расположение	ГоризонтальноеПоложениеВГруппе	HorizontalAlignInGroup	Горизонтальное положение в группе	ГоризонтальноеПоложениеЭлемента	Авто	Истина	Авто	Auto	Авто	Лево	Left	Лево	Право	Right	Право	Центр	Center	Центр																																																
ГруппаФормы	Страницы	Расположение	ВертикальноеПоложениеВГруппе	VerticalAlignInGroup	Вертикальное положение в группе	ВертикальноеПоложениеЭлемента	Авто	Истина	Авто	Auto	Авто	Верх	Top	Верх	Низ	Bottom	Низ	Центр	Center	Центр																																																
ГруппаФормы	Страницы	Расположение	РастягиватьПоГоризонтали	HorizontalStretch	Растягивать по горизонтали	БулевоНеопределено		Истина																																																												
ГруппаФормы	Страницы	Расположение	РастягиватьПоВертикали	VerticalStretch	Растягивать по вертикали	БулевоНеопределено		Истина																																																												
ДекорацияФормы	Надпись	Основные	Заголовок	Title	Заголовок	Строка		Истина																																																												
ДекорацияФормы	Надпись	Основные	Вид	Type	Вид	ВидДекорацииФормы			Картинка	Picture	Картинка	Надпись	Label	Надпись																																																						
ДекорацияФормы	Надпись	Основные	Видимость	Visible	Видимость	Булево	Истина																																																													
ДекорацияФормы	Надпись	Основные	Доступность	Enabled	Доступность	Булево	Истина	Истина																																																												
ДекорацияФормы	Надпись	Основные	ПропускатьПриВводе	SkipOnInput	Пропускать при вводе	БулевоНеопределено																																																														
ДекорацияФормы	Надпись	Основные	ВажностьПриОтображении	DisplayImportance	Важность при отображении	ВажностьПриОтображении	Авто		Авто	Auto	Авто	Высокая	High	Высокая	Низкая	Low	Низкая	Обычная	Usual	Обычная	ОченьВысокая	VeryHigh	Очень высокая	ОченьНизкая	VeryLow	Очень низкая																																										
ДекорацияФормы	Надпись	Основные	ПоведениеПриНедоступностиОсновногоСервера	OnMainServerUnavalableBehavior	Поведение при недоступности основного сервера	ПоведениеПриНедоступностиОсновногоСервера	Авто		Авто	Auto	Авто	НеИзменятьПоведение	DontChangeBehavior	Не изменять поведение	ОтключитьДоступность	MakeDisable	Отключать доступность																																																			
ДекорацияФормы	Надпись	Основные	Гиперссылка	Hyperlink	Гиперссылка	Булево		Истина																																																												
ДекорацияФормы	Надпись	Использование	СочетаниеКлавиш	Shortcut	Сочетание клавиш	Сочетание клавиш																																																														
ДекорацияФормы	Надпись	Использование	Подсказка	ToolTip	Подсказка	Строка		Истина																																																												
ДекорацияФормы	Надпись	Использование	ОтображениеПодсказки	ToolTipRepresentation	Отображение подсказки	ОтображениеПодсказки	Авто	Истина	Авто	Auto	Авто	Всплывающая	Balloon	Всплывающая подсказка	Кнопка	Button	Кнопка	Нет	None	Нет	ОтображатьАвто	ShowAuto	Отображать авто	ОтображатьСверху	ShowTop	Отображать сверху	ОтображатьСлева	ShowLeft	Отображать слева	ОтображатьСнизу	ShowBottom	Отображать снизу	ОтображатьСправа	ShowRight	Отображать справа																																	
ДекорацияФормы	Надпись	Оформление	ЦветТекста	TextColor	Цвет текста	Цвет		Истина																																																												
ДекорацияФормы	Надпись	Оформление	Шрифт	Font	Шрифт	Шрифт		Истина																																																												
ДекорацияФормы	Надпись	Оформление	ЦветФона	BackColor	Цвет фона	Цвет		Истина																																																												
ДекорацияФормы	Надпись	Оформление	ЦветРамки	BorderColor	Цвет рамки	Цвет		Истина																																																												
ДекорацияФормы	Надпись	Оформление	Рамка	Border	Рамка	Рамка		Истина																																																												
ДекорацияФормы	Надпись	Расположение	Ширина	Width	Ширина	Число		Истина																																																												
ДекорацияФормы	Надпись	Расположение	Высота	Height	Высота	Число		Истина																																																												
ДекорацияФормы	Надпись	Расположение	АвтоМаксимальнаяШирина	AutoMaxWidth	Авто максимальная ширина	Булево	Истина	Истина																																																												
ДекорацияФормы	Надпись	Расположение	АвтоМаксимальнаяВысота	AutoMaxHeight	Авто максимальная высота	Булево	Истина	Истина																																																												
ДекорацияФормы	Надпись	Расположение	ГоризонтальноеПоложениеВГруппе	HorizontalAlignInGroup	Горизонтальное положение в группе	ГоризонтальноеПоложениеЭлемента	Авто	Истина	Авто	Auto	Авто	Лево	Left	Лево	Право	Right	Право	Центр	Center	Центр																																																
ДекорацияФормы	Надпись	Расположение	ВертикальноеПоложениеВГруппе	VerticalAlignInGroup	Вертикальное положение в группе	ВертикальноеПоложениеЭлемента	Авто	Истина	Авто	Auto	Авто	Верх	Top	Верх	Низ	Bottom	Низ	Центр	Center	Центр																																																
ДекорацияФормы	Надпись	Расположение	ГоризонтальноеПоложение	HorizontalAlign	Горизонтальное положение	ГоризонтальноеПоложениеЭлемента	Авто	Истина	Авто	Auto	Авто	Лево	Left	Лево	Право	Right	Право	Центр	Center	Центр																																																
ДекорацияФормы	Надпись	Расположение	ВертикальноеПоложение	VerticalAlign	Вертикальное положение	ВертикальноеПоложениеЭлемента	Авто		Авто	Auto	Авто	Верх	Top	Верх	Низ	Bottom	Низ	Центр	Center	Центр																																																
ДекорацияФормы	Надпись	Расположение	РастягиватьПоГоризонтали	HorizontalStretch	Растягивать по горизонтали	БулевоНеопределено		Истина																																																												
ДекорацияФормы	Надпись	Расположение	РастягиватьПоВертикали	VerticalStretch	Растягивать по вертикали	БулевоНеопределено		Истина																																																												
ДекорацияФормы	Надпись	Расположение	ВысотаЗаголовка	TitleHeight	Высота заголовка	Число		Истина																																																												
ДекорацияФормы	Картинка	Основные	Заголовок	Title	Заголовок	Строка		Истина																																																												
ДекорацияФормы	Картинка	Основные	Вид	Type	Вид	ВидДекорацииФормы			Картинка	Picture	Картинка	Надпись	Label	Надпись																																																						
ДекорацияФормы	Картинка	Основные	Видимость	Visible	Видимость	Булево	Истина																																																													
ДекорацияФормы	Картинка	Основные	Доступность	Enabled	Доступность	Булево	Истина	Истина																																																												
ДекорацияФормы	Картинка	Основные	ПропускатьПриВводе	SkipOnInput	Пропускать при вводе	БулевоНеопределено																																																														
ДекорацияФормы	Картинка	Основные	ВажностьПриОтображении	DisplayImportance	Важность при отображении	ВажностьПриОтображении	Авто		Авто	Auto	Авто	Высокая	High	Высокая	Низкая	Low	Низкая	Обычная	Usual	Обычная	ОченьВысокая	VeryHigh	Очень высокая	ОченьНизкая	VeryLow	Очень низкая																																										
ДекорацияФормы	Картинка	Основные	ПоведениеПриНедоступностиОсновногоСервера	OnMainServerUnavalableBehavior	Поведение при недоступности основного сервера	ПоведениеПриНедоступностиОсновногоСервера	Авто		Авто	Auto	Авто	НеИзменятьПоведение	DontChangeBehavior	Не изменять поведение	ОтключитьДоступность	MakeDisable	Отключать доступность																																																			
ДекорацияФормы	Картинка	Основные	Картинка	Picture	Картинка	Картинка		Истина																																																												
ДекорацияФормы	Картинка	Основные	Гиперссылка	Hyperlink	Гиперссылка	Булево		Истина																																																												
ДекорацияФормы	Картинка	Использование	СочетаниеКлавиш	Shortcut	Сочетание клавиш	Сочетание клавиш																																																														
ДекорацияФормы	Картинка	Использование	Подсказка	ToolTip	Подсказка	Строка		Истина																																																												
ДекорацияФормы	Картинка	Использование	ОтображениеПодсказки	ToolTipRepresentation	Отображение подсказки	ОтображениеПодсказки	Авто	Истина	Авто	Auto	Авто	Всплывающая	Balloon	Всплывающая подсказка	Кнопка	Button	Кнопка	Нет	None	Нет	ОтображатьАвто	ShowAuto	Отображать авто	ОтображатьСверху	ShowTop	Отображать сверху	ОтображатьСлева	ShowLeft	Отображать слева	ОтображатьСнизу	ShowBottom	Отображать снизу	ОтображатьСправа	ShowRight	Отображать справа																																	
ДекорацияФормы	Картинка	Использование	Масштабировать	Zoomable	Масштабировать	Булево																																																														
ДекорацияФормы	Картинка	Использование	ТекстНевыбраннойКартинки	NonselectedPictureText	Текст невыбранной картинки	Строка																																																														
ДекорацияФормы	Картинка	Использование	РазрешитьНачалоПеретаскивания	EnableStartDrag	Разрешить начало перетаскивания	Булево																																																														
ДекорацияФормы	Картинка	Использование	РазрешитьПеретаскивание	EnableDrag	Разрешить перетаскивание	Булево																																																														
ДекорацияФормы	Картинка	Использование	СпособПеретаскиванияФайлов	FileDragMode	Способ перетаскивания файлов	СпособПеретаскиванияФайлов			КакСсылкаНаФайл	AsFileRef	Как ссылка на файл	КакФайл	AsFile	Как файл																																																						
ДекорацияФормы	Картинка	Оформление	ЦветТекста	TextColor	Цвет текста	Цвет		Истина																																																												
ДекорацияФормы	Картинка	Оформление	Шрифт	Font	Шрифт	Шрифт		Истина																																																												
ДекорацияФормы	Картинка	Оформление	РазмерКартинки	PictureSize	Размер картинки	РазмерКартинки			АвтоРазмер	AutoSize	Автоматический размер	АвтоРазмерБезУчетаМасштаба	AutoSizeIgnoreScale	Автоматический размер без учета масштаба	ПоРазмеруШрифта	ByFontSize	По размеру шрифта	Пропорционально	Proportionally	Пропорционально	Растянуть	Stretch	Растянуть	РеальныйРазмер	RealSize	Реальный размер	РеальныйРазмерБезУчетаМасштаба	RealSizeIgnoreScale	Реальный размер без учета масштаба	Черепица	Tile	Черепица																																				
ДекорацияФормы	Картинка	Оформление	ЦветРамки	BorderColor	Цвет рамки	Цвет		Истина																																																												
ДекорацияФормы	Картинка	Оформление	Рамка	Border	Рамка	Рамка		Истина																																																												
ДекорацияФормы	Картинка	Расположение	Ширина	Width	Ширина	Число		Истина																																																												
ДекорацияФормы	Картинка	Расположение	Высота	Height	Высота	Число		Истина																																																												
ДекорацияФормы	Картинка	Расположение	АвтоМаксимальнаяШирина	AutoMaxWidth	Авто максимальная ширина	Булево	Истина	Истина																																																												
ДекорацияФормы	Картинка	Расположение	АвтоМаксимальнаяВысота	AutoMaxHeight	Авто максимальная высота	Булево	Истина	Истина																																																												
ДекорацияФормы	Картинка	Расположение	ГоризонтальноеПоложениеВГруппе	HorizontalAlignInGroup	Горизонтальное положение в группе	ГоризонтальноеПоложениеЭлемента	Авто	Истина	Авто	Auto	Авто	Лево	Left	Лево	Право	Right	Право	Центр	Center	Центр																																																
ДекорацияФормы	Картинка	Расположение	ВертикальноеПоложениеВГруппе	VerticalAlignInGroup	Вертикальное положение в группе	ВертикальноеПоложениеЭлемента	Авто	Истина	Авто	Auto	Авто	Верх	Top	Верх	Низ	Bottom	Низ	Центр	Center	Центр																																																
ДекорацияФормы	Картинка	Расположение	РастягиватьПоГоризонтали	HorizontalStretch	Растягивать по горизонтали	БулевоНеопределено		Истина																																																												
ДекорацияФормы	Картинка	Расположение	РастягиватьПоВертикали	VerticalStretch	Растягивать по вертикали	БулевоНеопределено		Истина																																																												
КнопкаФормы	БезВида	Основные	Заголовок	Title	Заголовок	Строка		Истина																																																												
КнопкаФормы	БезВида	Основные	Вид	Type	Вид	ВидКнопкиФормы			Гиперссылка	Hyperlink	Гиперссылка	ГиперссылкаКоманднойПанели	CommandBarHyperlink	Гиперссылка командной панели	КнопкаКоманднойПанели	CommandBarButton	Кнопка командной панели	ОбычнаяКнопка	UsualButton	Обычная кнопка																																																
КнопкаФормы	БезВида	Основные	ИмяКоманды	CommandName	Имя команды	Строка																																																														
КнопкаФормы	БезВида	Основные	Видимость	Visible	Видимость	Булево	Истина																																																													
КнопкаФормы	БезВида	Основные	Доступность	Enabled	Доступность	Строка	Истина	Истина																																																												
КнопкаФормы	БезВида	Основные	Отображение	Representation	Отображение	ОтображениеКнопки	Авто	Истина	Авто	Auto	Авто	Картинка	Picture	Картинка	КартинкаИТекст	PictureAndText	Картинка и текст	Текст	Text	Текст																																																
КнопкаФормы	БезВида	Основные	Картинка	Picture	Картинка	Картинка		Истина																																																												
КнопкаФормы	БезВида	Основные	КнопкаПоУмолчанию	DefaultButton	Кнопка по умолчанию	Булево																																																														
КнопкаФормы	БезВида	Основные	ПропускатьПриВводе	SkipOnInput	Пропускать при вводе	БулевоНеопределено																																																														
КнопкаФормы	БезВида	Основные	АктивизироватьПоУмолчанию	DefaultItem	Активизировать по умолчанию	Булево																																																														
КнопкаФормы	БезВида	Основные	Пометка	Check	Пометка	Булево																																																														
КнопкаФормы	БезВида	Основные	ВажностьПриОтображении	DisplayImportance	Важность при отображении	ВажностьПриОтображении	Авто		Авто	Auto	Авто	Высокая	High	Высокая	Низкая	Low	Низкая	Обычная	Usual	Обычная	ОченьВысокая	VeryHigh	Очень высокая	ОченьНизкая	VeryLow	Очень низкая																																										
КнопкаФормы	БезВида	Основные	ПоложениеВКоманднойПанели	LocationInCommandBar	Положение в командной панели	ПоложениеКнопкиВКоманднойПанели	Авто		Авто	Auto	Авто	ВДополнительномПодменю	InAdditionalSubmenu	В дополнительном подменю	ВКоманднойПанели	InCommandBar	В командной панели	ВКоманднойПанелиИВДополнительномПодменю	InCommandBarAndInAdditionalSubmenu	В командной панели и дополнительном подменю																																																
КнопкаФормы	БезВида	Основные	УникальностьКоманды	CommandUniqueness	Уникальность команды	Булево																																																														
КнопкаФормы	БезВида	Основные	ПоведениеПриНедоступностиОсновногоСервера	OnMainServerUnavalableBehavior	Поведение при недоступности основного сервера	ПоведениеПриНедоступностиОсновногоСервера	Авто		Авто	Auto	Авто	НеИзменятьПоведение	DontChangeBehavior	Не изменять поведение	ОтключитьДоступность	MakeDisable	Отключать доступность																																																			
КнопкаФормы	БезВида	Использование	ОтображениеПодсказки	ToolTipRepresentation	Отображение подсказки	ОтображениеПодсказки	Авто	Истина	Авто	Auto	Авто	Всплывающая	Balloon	Всплывающая подсказка	Кнопка	Button	Кнопка	Нет	None	Нет	ОтображатьАвто	ShowAuto	Отображать авто	ОтображатьСверху	ShowTop	Отображать сверху	ОтображатьСлева	ShowLeft	Отображать слева	ОтображатьСнизу	ShowBottom	Отображать снизу	ОтображатьСправа	ShowRight	Отображать справа																																	
КнопкаФормы	БезВида	Оформление	ЦветФона	BackColor	Цвет фона	Цвет		Истина																																																												
КнопкаФормы	БезВида	Оформление	ЦветТекста	TextColor	Цвет текста	Цвет		Истина																																																												
КнопкаФормы	БезВида	Оформление	ЦветРамки	BorderColor	Цвет рамки	Цвет		Истина																																																												
КнопкаФормы	БезВида	Оформление	Шрифт	Font	Шрифт	Шрифт		Истина																																																												
КнопкаФормы	БезВида	Оформление	Фигура	Shape	Фигура	ФигураКнопки	Авто		Авто	Auto	Авто	Обычная	Usual	Обычная	Овал	Oval	Овальная																																																			
КнопкаФормы	БезВида	Оформление	ОтображениеФигуры	ShapeRepresentation	Отображение фигуры	ОтображениеФигурыКнопки	Авто		Авто	Auto	Авто	Всегда	Always	Всегда	Нет	None	Нет	ПриАктивности	WhenActive	При активности																																																
КнопкаФормы	БезВида	Оформление	ПоложениеКартинки	PictureLocation	Положение картинки	ПоложениеКартинкиКнопкиФормы	Авто		Авто	Auto	Авто	Лево	Left	Лево	Право	Right	Право																																																			
КнопкаФормы	БезВида	Расположение	Ширина	Width	Ширина	Число		Истина																																																												
КнопкаФормы	БезВида	Расположение	Высота	Height	Высота	Число		Истина																																																												
КнопкаФормы	БезВида	Расположение	АвтоМаксимальнаяШирина	AutoMaxWidth	Авто максимальная ширина	Булево	Истина	Истина																																																												
КнопкаФормы	БезВида	Расположение	АвтоМаксимальнаяВысота	AutoMaxHeight	Авто максимальная высота	Булево	Истина	Истина																																																												
КнопкаФормы	БезВида	Расположение	ВысотаЗаголовка	TitleHeight	Высота заголовка	Число		Истина																																																												
КнопкаФормы	БезВида	Расположение	ГоризонтальноеПоложениеВГруппе	HorizontalAlignInGroup	Горизонтальное положение в группе	ГоризонтальноеПоложениеЭлемента	Авто	Истина	Авто	Auto	Авто	Лево	Left	Лево	Право	Right	Право	Центр	Center	Центр																																																
КнопкаФормы	БезВида	Расположение	ВертикальноеПоложениеВГруппе	VerticalAlignInGroup	Вертикальное положение в группе	ВертикальноеПоложениеЭлемента	Авто	Истина	Авто	Auto	Авто	Верх	Top	Верх	Низ	Bottom	Низ	Центр	Center	Центр																																																
КнопкаФормы	БезВида	Расположение	РастягиватьПоГоризонтали	HorizontalStretch	Растягивать по горизонтали	БулевоНеопределено		Истина																																																												
КнопкаФормы	БезВида	Расположение	РастягиватьПоВертикали	VerticalStretch	Растягивать по вертикали	БулевоНеопределено		Истина																																																												
ПолеФормы	ПолеHTMLДокумента	Основные	Заголовок	Title	Заголовок	Строка		Истина																																																												
ПолеФормы	ПолеHTMLДокумента	Основные	Вид	Type	Вид	ВидПоляФормы			ПолеHTMLДокумента	HTMLDocumentField	Поле HTML документа	ПолеPDFДокумента	PDFDocumentField	Поле PDF документа	ПолеВвода	InputField	Поле ввода	ПолеГеографическойСхемы	GeographicalSchemaField	Поле географической схемы	ПолеГрафическойСхемы	GraphicalSchemaField	Поле графической схемы	ПолеДендрограммы	DendrogramField	Поле дендрограммы	ПолеДиаграммы	ChartField	Поле диаграммы	ПолеДиаграммыГанта	GanttChartField	Поле диаграммы Ганта	ПолеИндикатора	ProgressBarField	Поле индикатора	ПолеКалендаря	CalendarField	Поле календаря	ПолеКартинки	PictureField	Поле картинки	ПолеНадписи	LabelField	Поле надписи	ПолеПереключателя	RadioButtonField	Поле переключателя	ПолеПериода	PeriodField	Поле периода	ПолеПланировщика	PlannerField	Поле данных планировщика	ПолеПолосыРегулирования	TrackBarField	Поле полосы регулирования	ПолеТабличногоДокумента	SpreadsheetDocumentField	Поле табличного документа	ПолеТекстовогоДокумента	TextDocumentField	Поле текстового документа	ПолеФлажка	CheckBoxField	Поле флажка	ПолеФорматированногоДокумента	FormattedDocumentField	Поле форматированного документа
ПолеФормы	ПолеHTMLДокумента	Основные	ПутьКДанным	DataPath	Путь к данным	Строка																																																														
ПолеФормы	ПолеHTMLДокумента	Основные	ПоложениеЗаголовка	TitleLocation	Положение заголовка	ПоложениеЗаголовкаЭлементаФормы	Авто		Авто	Auto	Авто	Верх	Top	Верх	Лево	Left	Лево	Нет	None	Нет	Низ	Bottom	Низ	Право	Right	Право																																										
ПолеФормы	ПолеHTMLДокумента	Основные	Видимость	Visible	Видимость	Булево	Истина																																																													
ПолеФормы	ПолеHTMLДокумента	Основные	Доступность	Enabled	Доступность	Булево	Истина	Истина																																																												
ПолеФормы	ПолеHTMLДокумента	Основные	ПропускатьПриВводе	SkipOnInput	Пропускать при вводе	БулевоНеопределено																																																														
ПолеФормы	ПолеHTMLДокумента	Основные	АктивизироватьПоУмолчанию	DefaultItem	Активизировать по умолчанию	Булево																																																														
ПолеФормы	ПолеHTMLДокумента	Основные	ВажностьПриОтображении	DisplayImportance	Важность при отображении	ВажностьПриОтображении	Авто		Авто	Auto	Авто	Высокая	High	Высокая	Низкая	Low	Низкая	Обычная	Usual	Обычная	ОченьВысокая	VeryHigh	Очень высокая	ОченьНизкая	VeryLow	Очень низкая																																										
ПолеФормы	ПолеHTMLДокумента	Основные	ПоведениеПриНедоступностиОсновногоСервера	OnMainServerUnavalableBehavior	Поведение при недоступности основного сервера	ПоведениеПриНедоступностиОсновногоСервера	Авто		Авто	Auto	Авто	НеИзменятьПоведение	DontChangeBehavior	Не изменять поведение	ОтключитьДоступность	MakeDisable	Отключать доступность																																																			
ПолеФормы	ПолеHTMLДокумента	Использование	ОтображениеПредупрежденияПриРедактировании	WarningOnEditRepresentation	Отображение предупреждения при редактировании	ОтображениеПредупрежденияПриРедактировании	Авто		Авто	Auto	Авто	НеОтображать	DontShow	Не отображать	Отображать	Show	Отображать																																																			
ПолеФормы	ПолеHTMLДокумента	Использование	ПредупреждениеПриРедактировании	WarningOnEdit	Предупреждение при редактировании	Строка																																																														
ПолеФормы	ПолеHTMLДокумента	Использование	СочетаниеКлавиш	Shortcut	Сочетание клавиш	Сочетание клавиш																																																														
ПолеФормы	ПолеHTMLДокумента	Использование	Вывод	Output	Вывод	ИспользованиеВывода	Авто		Авто	Auto	Авто	Запретить	Disable	Запретить	Разрешить	Enable	Разрешить																																																			
ПолеФормы	ПолеHTMLДокумента	Использование	Подсказка	ToolTip	Подсказка	Сочетание клавиш		Истина																																																												
ПолеФормы	ПолеHTMLДокумента	Использование	ОтображениеПодсказки	ToolTipRepresentation	Отображение подсказки	ОтображениеПодсказки	Авто	Истина	Авто	Auto	Авто	Всплывающая	Balloon	Всплывающая подсказка	Кнопка	Button	Кнопка	Нет	None	Нет	ОтображатьАвто	ShowAuto	Отображать авто	ОтображатьСверху	ShowTop	Отображать сверху	ОтображатьСлева	ShowLeft	Отображать слева	ОтображатьСнизу	ShowBottom	Отображать снизу	ОтображатьСправа	ShowRight	Отображать справа																																	
ПолеФормы	ПолеHTMLДокумента	Оформление	ЦветТекстаЗаголовка	TitleTextColor	Цвет текста заголовка	Цвет		Истина																																																												
ПолеФормы	ПолеHTMLДокумента	Оформление	ШрифтЗаголовка	TitleFont	Шрифт заголовка	Шрифт		Истина																																																												
ПолеФормы	ПолеHTMLДокумента	Оформление	ЦветРамки	BorderColor	Цвет рамки	Цвет		Истина																																																												
ПолеФормы	ПолеHTMLДокумента	Расположение	ГоризонтальноеПоложениеВГруппе	HorizontalAlignInGroup	Горизонтальное положение в группе	ГоризонтальноеПоложениеЭлемента	Авто	Истина	Авто	Auto	Авто	Лево	Left	Лево	Право	Right	Право	Центр	Center	Центр																																																
ПолеФормы	ПолеHTMLДокумента	Расположение	ВертикальноеПоложениеВГруппе	VerticalAlignInGroup	Вертикальное положение в группе	ВертикальноеПоложениеЭлемента	Авто	Истина	Авто	Auto	Авто	Верх	Top	Верх	Низ	Bottom	Низ	Центр	Center	Центр																																																
ПолеФормы	ПолеHTMLДокумента	Расположение	Ширина	Width	Ширина	Число		Истина																																																												
ПолеФормы	ПолеHTMLДокумента	Расположение	Высота	Height	Высота	Число		Истина																																																												
ПолеФормы	ПолеHTMLДокумента	Расположение	АвтоМаксимальнаяШирина	AutoMaxWidth	Авто максимальная ширина	Булево	Истина	Истина																																																												
ПолеФормы	ПолеHTMLДокумента	Расположение	АвтоМаксимальнаяВысота	AutoMaxHeight	Авто максимальная высота	Булево	Истина	Истина																																																												
ПолеФормы	ПолеHTMLДокумента	Расположение	РастягиватьПоГоризонтали	HorizontalStretch	Растягивать по горизонтали	БулевоНеопределено		Истина																																																												
ПолеФормы	ПолеHTMLДокумента	Расположение	РастягиватьПоВертикали	VerticalStretch	Растягивать по вертикали	БулевоНеопределено		Истина																																																												
ПолеФормы	ПолеHTMLДокумента	Расположение	ВысотаЗаголовка	TitleHeight	Высота заголовка	Число		Истина																																																												
ПолеФормы	ПолеPDFДокумента	Основные	Заголовок	Title	Заголовок	Строка		Истина																																																												
ПолеФормы	ПолеPDFДокумента	Основные	Вид	Type	Вид	ВидПоляФормы			ПолеHTMLДокумента	HTMLDocumentField	Поле HTML документа	ПолеPDFДокумента	PDFDocumentField	Поле PDF документа	ПолеВвода	InputField	Поле ввода	ПолеГеографическойСхемы	GeographicalSchemaField	Поле географической схемы	ПолеГрафическойСхемы	GraphicalSchemaField	Поле графической схемы	ПолеДендрограммы	DendrogramField	Поле дендрограммы	ПолеДиаграммы	ChartField	Поле диаграммы	ПолеДиаграммыГанта	GanttChartField	Поле диаграммы Ганта	ПолеИндикатора	ProgressBarField	Поле индикатора	ПолеКалендаря	CalendarField	Поле календаря	ПолеКартинки	PictureField	Поле картинки	ПолеНадписи	LabelField	Поле надписи	ПолеПереключателя	RadioButtonField	Поле переключателя	ПолеПериода	PeriodField	Поле периода	ПолеПланировщика	PlannerField	Поле данных планировщика	ПолеПолосыРегулирования	TrackBarField	Поле полосы регулирования	ПолеТабличногоДокумента	SpreadsheetDocumentField	Поле табличного документа	ПолеТекстовогоДокумента	TextDocumentField	Поле текстового документа	ПолеФлажка	CheckBoxField	Поле флажка	ПолеФорматированногоДокумента	FormattedDocumentField	Поле форматированного документа
ПолеФормы	ПолеPDFДокумента	Основные	ПутьКДанным	DataPath	Путь к данным	Строка																																																														
ПолеФормы	ПолеPDFДокумента	Основные	ПоложениеЗаголовка	TitleLocation	Положение заголовка	ПоложениеЗаголовкаЭлементаФормы	Авто		Авто	Auto	Авто	Верх	Top	Верх	Лево	Left	Лево	Нет	None	Нет	Низ	Bottom	Низ	Право	Right	Право																																										
ПолеФормы	ПолеPDFДокумента	Основные	Видимость	Visible	Видимость	Булево	Истина																																																													
ПолеФормы	ПолеPDFДокумента	Основные	Доступность	Enabled	Доступность	Булево	Истина	Истина																																																												
ПолеФормы	ПолеPDFДокумента	Основные	ТолькоПросмотр	ReadOnly	Только просмотр	Булево		Истина																																																												
ПолеФормы	ПолеPDFДокумента	Основные	ПропускатьПриВводе	SkipOnInput	Пропускать при вводе	БулевоНеопределено																																																														
ПолеФормы	ПолеPDFДокумента	Основные	АктивизироватьПоУмолчанию	DefaultItem	Активизировать по умолчанию	Булево																																																														
ПолеФормы	ПолеPDFДокумента	Основные	ВажностьПриОтображении	DisplayImportance	Важность при отображении	ВажностьПриОтображении	Авто		Авто	Auto	Авто	Высокая	High	Высокая	Низкая	Low	Низкая	Обычная	Usual	Обычная	ОченьВысокая	VeryHigh	Очень высокая	ОченьНизкая	VeryLow	Очень низкая																																										
ПолеФормы	ПолеPDFДокумента	Основные	ПоведениеПриНедоступностиОсновногоСервера	OnMainServerUnavalableBehavior	Поведение при недоступности основного сервера	ПоведениеПриНедоступностиОсновногоСервера	Авто		Авто	Auto	Авто	НеИзменятьПоведение	DontChangeBehavior	Не изменять поведение	ОтключитьДоступность	MakeDisable	Отключать доступность																																																			
ПолеФормы	ПолеPDFДокумента	Использование	ОтображениеПредупрежденияПриРедактировании	WarningOnEditRepresentation	Отображение предупреждения при редактировании	ОтображениеПредупрежденияПриРедактировании	Авто		Авто	Auto	Авто	НеОтображать	DontShow	Не отображать	Отображать	Show	Отображать																																																			
ПолеФормы	ПолеPDFДокумента	Использование	ПредупреждениеПриРедактировании	WarningOnEdit	Предупреждение при редактировании	Строка																																																														
ПолеФормы	ПолеPDFДокумента	Использование	СочетаниеКлавиш	Shortcut	Сочетание клавиш	Сочетание клавиш																																																														
ПолеФормы	ПолеPDFДокумента	Использование	Вывод	Output	Вывод	ИспользованиеВывода	Авто		Авто	Auto	Авто	Запретить	Disable	Запретить	Разрешить	Enable	Разрешить																																																			
ПолеФормы	ПолеPDFДокумента	Использование	Подсказка	ToolTip	Подсказка	Сочетание клавиш		Истина																																																												
ПолеФормы	ПолеPDFДокумента	Использование	ОтображениеПодсказки	ToolTipRepresentation	Отображение подсказки	ОтображениеПодсказки	Авто	Истина	Авто	Auto	Авто	Всплывающая	Balloon	Всплывающая подсказка	Кнопка	Button	Кнопка	Нет	None	Нет	ОтображатьАвто	ShowAuto	Отображать авто	ОтображатьСверху	ShowTop	Отображать сверху	ОтображатьСлева	ShowLeft	Отображать слева	ОтображатьСнизу	ShowBottom	Отображать снизу	ОтображатьСправа	ShowRight	Отображать справа																																	
ПолеФормы	ПолеPDFДокумента	Использование	ПоложениеСостоянияПросмотра	ViewStatusLocation	Положение состояния просмотра	ПоложениеСостоянияПросмотра	Авто		Авто	Auto	Авто	Верх	Top	Верх	Нет	None	Нет	Низ	Bottom	Низ																																																
ПолеФормы	ПолеPDFДокумента	Оформление	ЦветТекстаЗаголовка	TitleTextColor	Цвет текста заголовка	Цвет		Истина																																																												
ПолеФормы	ПолеPDFДокумента	Оформление	ШрифтЗаголовка	TitleFont	Шрифт заголовка	Шрифт		Истина																																																												
ПолеФормы	ПолеPDFДокумента	Оформление	ЦветРамки	BorderColor	Цвет рамки	Цвет		Истина																																																												
ПолеФормы	ПолеPDFДокумента	Расположение	ГоризонтальноеПоложениеВГруппе	HorizontalAlignInGroup	Горизонтальное положение в группе	ГоризонтальноеПоложениеЭлемента	Авто	Истина	Авто	Auto	Авто	Лево	Left	Лево	Право	Right	Право	Центр	Center	Центр																																																
ПолеФормы	ПолеPDFДокумента	Расположение	ВертикальноеПоложениеВГруппе	VerticalAlignInGroup	Вертикальное положение в группе	ВертикальноеПоложениеЭлемента	Авто	Истина	Авто	Auto	Авто	Верх	Top	Верх	Низ	Bottom	Низ	Центр	Center	Центр																																																
ПолеФормы	ПолеPDFДокумента	Расположение	Ширина	Width	Ширина	Число		Истина																																																												
ПолеФормы	ПолеPDFДокумента	Расположение	Высота	Height	Высота	Число		Истина																																																												
ПолеФормы	ПолеPDFДокумента	Расположение	АвтоМаксимальнаяШирина	AutoMaxWidth	Авто максимальная ширина	Булево	Истина	Истина																																																												
ПолеФормы	ПолеPDFДокумента	Расположение	АвтоМаксимальнаяВысота	AutoMaxHeight	Авто максимальная высота	Булево	Истина	Истина																																																												
ПолеФормы	ПолеPDFДокумента	Расположение	РастягиватьПоГоризонтали	HorizontalStretch	Растягивать по горизонтали	БулевоНеопределено		Истина																																																												
ПолеФормы	ПолеPDFДокумента	Расположение	РастягиватьПоВертикали	VerticalStretch	Растягивать по вертикали	БулевоНеопределено		Истина																																																												
ПолеФормы	ПолеPDFДокумента	Расположение	ВысотаЗаголовка	TitleHeight	Высота заголовка	Число		Истина																																																												
ПолеФормы	ПолеВвода	Основные	Заголовок	Title	Заголовок	Строка		Истина																																																												
ПолеФормы	ПолеВвода	Тип	Тип		Тип	Строка		Истина																																																												
ПолеФормы	ПолеВвода	Имя	Имя		Имя	Строка		Истина																																																												
ПолеФормы	ПолеВвода	Путь	Путь		Путь	Строка		Истина																																																												
ПолеФормы	ПолеВвода	Основные	Вид	Type	Вид	ВидПоляФормы			ПолеHTMLДокумента	HTMLDocumentField	Поле HTML документа	ПолеPDFДокумента	PDFDocumentField	Поле PDF документа	ПолеВвода	InputField	Поле ввода	ПолеГеографическойСхемы	GeographicalSchemaField	Поле географической схемы	ПолеГрафическойСхемы	GraphicalSchemaField	Поле графической схемы	ПолеДендрограммы	DendrogramField	Поле дендрограммы	ПолеДиаграммы	ChartField	Поле диаграммы	ПолеДиаграммыГанта	GanttChartField	Поле диаграммы Ганта	ПолеИндикатора	ProgressBarField	Поле индикатора	ПолеКалендаря	CalendarField	Поле календаря	ПолеКартинки	PictureField	Поле картинки	ПолеНадписи	LabelField	Поле надписи	ПолеПереключателя	RadioButtonField	Поле переключателя	ПолеПериода	PeriodField	Поле периода	ПолеПланировщика	PlannerField	Поле данных планировщика	ПолеПолосыРегулирования	TrackBarField	Поле полосы регулирования	ПолеТабличногоДокумента	SpreadsheetDocumentField	Поле табличного документа	ПолеТекстовогоДокумента	TextDocumentField	Поле текстового документа	ПолеФлажка	CheckBoxField	Поле флажка	ПолеФорматированногоДокумента	FormattedDocumentField	Поле форматированного документа
ПолеФормы	ПолеВвода	Основные	ПутьКДанным	DataPath	Путь к данным	Строка																																																														
ПолеФормы	ПолеВвода	Основные	ПоложениеЗаголовка	TitleLocation	Положение заголовка	ПоложениеЗаголовкаЭлементаФормы	Авто		Авто	Auto	Авто	Верх	Top	Верх	Лево	Left	Лево	Нет	None	Нет	Низ	Bottom	Низ	Право	Right	Право																																										
ПолеФормы	ПолеВвода	Основные	Видимость	Visible	Видимость	Булево	Истина																																																													
ПолеФормы	ПолеВвода	Основные	Доступность	Enabled	Доступность	Булево	Истина	Истина																																																												
ПолеФормы	ПолеВвода	Основные	ТолькоПросмотр	ReadOnly	Только просмотр	Булево		Истина																																																												
ПолеФормы	ПолеВвода	Основные	ПропускатьПриВводе	SkipOnInput	Пропускать при вводе	БулевоНеопределено																																																														
ПолеФормы	ПолеВвода	Основные	АктивизироватьПоУмолчанию	DefaultItem	Активизировать по умолчанию	Булево																																																														
ПолеФормы	ПолеВвода	Основные	ВажностьПриОтображении	DisplayImportance	Важность при отображении	ВажностьПриОтображении	Авто		Авто	Auto	Авто	Высокая	High	Высокая	Низкая	Low	Низкая	Обычная	Usual	Обычная	ОченьВысокая	VeryHigh	Очень высокая	ОченьНизкая	VeryLow	Очень низкая																																										
ПолеФормы	ПолеВвода	Основные	ПоведениеПриНедоступностиОсновногоСервера	OnMainServerUnavalableBehavior	Поведение при недоступности основного сервера	ПоведениеПриНедоступностиОсновногоСервера	Авто		Авто	Auto	Авто	НеИзменятьПоведение	DontChangeBehavior	Не изменять поведение	ОтключитьДоступность	MakeDisable	Отключать доступность																																																			
ПолеФормы	ПолеВвода	Основные	Маска	Mask	Маска	Строка																																																														
ПолеФормы	ПолеВвода	Основные	РежимПароля	PasswordMode	Режим пароля	БулевоНеопределено																																																														
ПолеФормы	ПолеВвода	Основные	МногострочныйРежим	MultiLine	Многострочный режим	Булево		Истина																																																												
ПолеФормы	ПолеВвода	Основные	РасширенноеРедактирование	ExtendedEdit	Расширенное редактирование	Булево																																																														
ПолеФормы	ПолеВвода	Основные	ФорматРедактирования	EditFormat	Формат редактирования	Строка																																																														
ПолеФормы	ПолеВвода	Данные	МинимальноеЗначение	MinValue	Минимальное значение	Число																																																														
ПолеФормы	ПолеВвода	Данные	МаксимальноеЗначение	MaxValue	Максимальное значение	Число																																																														
ПолеФормы	ПолеВвода	Использование	ОтображениеПредупрежденияПриРедактировании	WarningOnEditRepresentation	Отображение предупреждения при редактировании	ОтображениеПредупрежденияПриРедактировании	Авто		Авто	Auto	Авто	НеОтображать	DontShow	Не отображать	Отображать	Show	Отображать																																																			
ПолеФормы	ПолеВвода	Использование	ПредупреждениеПриРедактировании	WarningOnEdit	Предупреждение при редактировании	Строка																																																														
ПолеФормы	ПолеВвода	Использование	СочетаниеКлавиш	Shortcut	Сочетание клавиш	Сочетание клавиш																																																														
ПолеФормы	ПолеВвода	Использование	КнопкаВыпадающегоСписка	DropListButton	Кнопка выпадающего списка	БулевоНеопределено		Истина																																																												
ПолеФормы	ПолеВвода	Использование	КнопкаВыбора	ChoiceButton	Кнопка выбора	БулевоНеопределено		Истина																																																												
ПолеФормы	ПолеВвода	Использование	КнопкаОчистки	ClearButton	Кнопка очистки	БулевоНеопределено		Истина																																																												
ПолеФормы	ПолеВвода	Использование	КнопкаРегулирования	SpinButton	Кнопка регулирования	БулевоНеопределено		Истина																																																												
ПолеФормы	ПолеВвода	Использование	КнопкаОткрытия	OpenButton	Кнопка открытия	БулевоНеопределено		Истина																																																												
ПолеФормы	ПолеВвода	Использование	КнопкаСоздания	CreateButton	Кнопка создания	БулевоНеопределено																																																														
ПолеФормы	ПолеВвода	Использование	ОтображениеКнопкиВыбора	ChoiceButtonRepresentation	Отображение кнопки выбора	ОтображениеКнопкиВыбора	Авто		Авто	Auto	Авто	ОтображатьВВыпадающемСписке	ShowInDropList	Отображать в выпадающем списке	ОтображатьВВыпадающемСпискеИВПолеВвода	ShowInDropListAndInInputField	Отображать в выпадающем списке и в поле ввода	ОтображатьВПолеВвода	ShowInInputField	Отображать в поле ввода																																																
ПолеФормы	ПолеВвода	Использование	РежимВыбораИзСписка	ListChoiceMode	Режим выбора из списка	Булево																																																														
ПолеФормы	ПолеВвода	Использование	ВыбиратьТип	ChooseType	Выбирать тип	Булево																																																														
ПолеФормы	ПолеВвода	Использование	СписокВыбора	ChoiceList	Список выбора	СписокЗначений		Истина																																																												
ПолеФормы	ПолеВвода	Использование	РежимВыбораНезаполненного	IncompleteChoiceMode	Режим выбора незаполненного	РежимВыбораНезаполненного	ПриАктивизации		ПриАктивизации	OnActivate	При активизации	ПриНажатииEnter	OnEnterPressed	При нажатии Enter																																																						
ПолеФормы	ПолеВвода	Использование	РедактированиеТекста	TextEdit	Редактирование текста	Булево																																																														
ПолеФормы	ПолеВвода	Использование	ОбновлениеТекстаРедактирования	EditTextUpdate	Обновление текста редактирования	ОбновлениеТекстаРедактирования	Авто		Авто	Auto	Авто	Всегда	Always	Всегда	НеИспользовать	DontUse	Не использовать	ПриИзмененииЗначения	OnValueChange	При изменении значения																																																
ПолеФормы	ПолеВвода	Использование	АвтоПереносСтрок	Wrap	Авто перенос строк	Булево																																																														
ПолеФормы	ПолеВвода	Использование	АвтоОтметкаНезаполненного	AutoMarkIncomplete	Авто отметка незаполненного	БулевоНеопределено																																																														
ПолеФормы	ПолеВвода	Использование	АвтоВыборНезаполненного	AutoChoiceIncomplete	Авто выбор незаполненного	БулевоНеопределено																																																														
ПолеФормы	ПолеВвода	Использование	ВыборГруппИЭлементов	ChoiceFoldersAndItems	Выбор групп и элементов	ГруппыИЭлементы	Авто		Авто	Auto	Авто	Группы	Folders	Группы	ГруппыИЭлементы	FoldersAndItems	ГруппыИЭлементы	Элементы	Items	Элементы																																																
ПолеФормы	ПолеВвода	Использование	СвязиПараметровВыбора	ChoiceParameterLinks	Связи параметров выбора	СвязиПараметровВыбора																																																														
ПолеФормы	ПолеВвода	Использование	ПараметрыВыбора	ChoiceParameters	Параметры выбора	ПараметрыВыбора																																																														
ПолеФормы	ПолеВвода	Использование	БыстрыйВыбор	QuickChoice	Быстрый выбор	БулевоНеопределено																																																														
ПолеФормы	ПолеВвода	Использование	ИсторияВыбораПриВводе	ChoiceHistoryOnInput	История выбора при вводе	ИсторияВыбораПриВводе	Авто		Авто	Auto	Авто	НеИспользовать	DontUse	Не использовать																																																						
ПолеФормы	ПолеВвода	Использование	ФормаВыбора	ChoiceForm	Форма выбора	Строка																																																														
ПолеФормы	ПолеВвода	Использование	СвязьПоТипу	TypeLink	Связь по типу	Связь по типу																																																														
ПолеФормы	ПолеВвода	Использование	АвтоОтображениеКнопкиОчистки	AutoShowClearButton	Авто отображение кнопки очистки	РежимАвтоОтображенияКнопкиОчистки	АвтоРазмер		АвтоРазмер	Auto	Авто	Всегда	Always	Всегда	ТолькоДляЗаполненного	FilledOnly	Только для заполненного																																																			
ПолеФормы	ПолеВвода	Использование	АвтоОтображениеКнопкиОткрытия	AutoShowOpenButton	Авто отображение кнопки открытия	РежимАвтоОтображенияКнопкиОткрытия	Авто		Авто	Auto	Авто	Всегда	Always	Всегда	ТолькоДляЗаполненного	FilledOnly	Только для заполненного																																																			
ПолеФормы	ПолеВвода	Использование	АвтоИсправлениеПриВводеТекста	AutoCorrectionOnTextInput	Авто исправление при вводе текста	АвтоИсправлениеПриВводеТекста	Авто		Авто	Auto	Авто	Использовать	Use	Использовать	НеИспользовать	DontUse	Не использовать																																																			
ПолеФормы	ПолеВвода	Использование	ПроверкаПравописанияПриВводеТекста	SpellCheckingOnTextInput	Проверка правописания при вводе текста	ПроверкаПравописанияПриВводеТекста	Авто		Авто	Auto	Авто	Использовать	Use	Использовать	НеИспользовать	DontUse	Не использовать																																																			
ПолеФормы	ПолеВвода	Использование	АвтоИзменениеРегистраПриВводеТекста	AutoCapitalizationOnTextInput	Авто изменение регистра при вводе текста	АвтоИзменениеРегистраПриВводеТекста	Авто		Авто	Auto	Авто	ВсеСимволы	AllCharacters	Все символы	Нет	None	Нет	Предложения	Sentences	Предложения	Слова	Words	Слова																																													
ПолеФормы	ПолеВвода	Использование	СпециальныйРежимВводаТекста	SpecialTextInputMode	Специальный режим ввода текста	СпециальныйРежимВводаТекста	Авто		Авто	Auto	Авто	Email	Email	E-mail	URL	URL	URL	Нет	None	Нет	НомерТелефона	PhoneNumber	Номер телефона	Цифры	Digits	Цифры	ЦифрыИПунктуация	DigitsAndPunctuation	Цифры и пунктуация																																							
ПолеФормы	ПолеВвода	Использование	ПодсказкаАвтоЗаполнения	AutoFillHint	Подсказка авто заполнения	ПодсказкаАвтоЗаполненияПоляВвода	НеИспользовать		АдресЭлектроннойПочты	Email	Email	Город	City	Город	Имя	GivenName	Имя	ИмяПользователя	UserName	Имя пользователя	Индекс	PostalCode	Индекс	НеИспользовать	DontUse	Не использовать	НовыйПароль	NewPassword	Новый пароль	НомерБанковскойКарты	CreditCardNumber	Номер банковской карты	НомерТелефона	PhoneNumber	Номер телефона	ОдноразовыйКод	OneTimeCode	Одноразовый код	Отчество	MiddleName	Отчество	Пароль	Password	Пароль	ПолноеИмя	FullName	Полное имя	ПрефиксИмени	NamePrefix	Префикс имени	Регион	Region	Регион	Страна	Country	Страна	СуффиксИмени	NameSuffix	Суффикс имени	Улица	Street	Улица	Фамилия	FamilyName	Фамилия			
ПолеФормы	ПолеВвода	Использование	ТекстКнопкиВводаЭкраннойКлавиатуры	OnScreenKeyboardReturnKeyText	Текст кнопки ввода экранной клавиатуры	ТекстКнопкиВводаЭкраннойКлавиатуры	Авто		Авто	Auto	Авто	Ввод	Return	Ввод	Готово	Done	Готово	Далее	Next	Далее	Найти	Search	Найти	Отправить	Send	Отправить	Перейти	Go	Перейти	Подключиться	Join	Подключиться	Продолжить	Continue	Продолжить																																	
ПолеФормы	ПолеВвода	Использование	Подсказка	ToolTip	Подсказка	Строка		Истина																																																												
ПолеФормы	ПолеВвода	Использование	ОтображениеПодсказки	ToolTipRepresentation	Отображение подсказки	ОтображениеПодсказки	Авто	Истина	Авто	Auto	Авто	Всплывающая	Balloon	Всплывающая подсказка	Кнопка	Button	Кнопка	Нет	None	Нет	ОтображатьАвто	ShowAuto	Отображать авто	ОтображатьСверху	ShowTop	Отображать сверху	ОтображатьСлева	ShowLeft	Отображать слева	ОтображатьСнизу	ShowBottom	Отображать снизу	ОтображатьСправа	ShowRight	Отображать справа																																	
ПолеФормы	ПолеВвода	Использование	ПодсказкаВвода	InputHint	Подсказка ввода	Строка		Истина																																																												
ПолеФормы	ПолеВвода	Оформление	ЦветТекстаЗаголовка	TitleTextColor	Цвет текста заголовка	Цвет		Истина																																																												
ПолеФормы	ПолеВвода	Оформление	ШрифтЗаголовка	TitleFont	Шрифт заголовка	Шрифт		Истина																																																												
ПолеФормы	ПолеВвода	Оформление	КартинкаКнопкиВыбора	ChoiceButtonPicture	Картинка кнопки выбора	Картинка																																																														
ПолеФормы	ПолеВвода	Оформление	ЦветФона	BackColor	Цвет фона	Цвет		Истина																																																												
ПолеФормы	ПолеВвода	Оформление	ЦветТекста	TextColor	Цвет текста	Цвет		Истина																																																												
ПолеФормы	ПолеВвода	Оформление	ЦветРамки	BorderColor	Цвет рамки	Цвет		Истина																																																												
ПолеФормы	ПолеВвода	Оформление	Шрифт	Font	Шрифт	Шрифт		Истина																																																												
ПолеФормы	ПолеВвода	Расположение	ГоризонтальноеПоложениеВГруппе	HorizontalAlignInGroup	Горизонтальное положение в группе	ГоризонтальноеПоложениеЭлемента	Авто	Истина	Авто	Auto	Авто	Лево	Left	Лево	Право	Right	Право	Центр	Center	Центр																																																
ПолеФормы	ПолеВвода	Расположение	ВертикальноеПоложениеВГруппе	VerticalAlignInGroup	Вертикальное положение в группе	ВертикальноеПоложениеЭлемента	Авто	Истина	Авто	Auto	Авто	Верх	Top	Верх	Низ	Bottom	Низ	Центр	Center	Центр																																																
ПолеФормы	ПолеВвода	Расположение	ГоризонтальноеПоложение	HorizontalAlign	Горизонтальное положение	ГоризонтальноеПоложениеЭлемента	Авто	Истина	Авто	Auto	Авто	Лево	Left	Лево	Право	Right	Право	Центр	Center	Центр																																																
ПолеФормы	ПолеВвода	Расположение	Ширина	Width	Ширина	Число		Истина																																																												
ПолеФормы	ПолеВвода	Расположение	Высота	Height	Высота	Число		Истина																																																												
ПолеФормы	ПолеВвода	Расположение	АвтоМаксимальнаяШирина	AutoMaxWidth	Авто максимальная ширина	Булево	Истина	Истина																																																												
ПолеФормы	ПолеВвода	Расположение	АвтоМаксимальнаяВысота	AutoMaxHeight	Авто максимальная высота	Булево	Истина	Истина																																																												
ПолеФормы	ПолеВвода	Расположение	ВариантУправленияВысотой	HeightControlVariant	Вариант управления высотой	ВариантУправленияВысотойЭлемента	Авто		Авто	Auto	Авто	ВСтрокахФормы	UseHeightInFormRows	В строках формы	ПоСодержимому	UseContentHeight	По содержимому																																																			
ПолеФормы	ПолеВвода	Расположение	ВысотаСпискаВыбора	ChoiceListHeight	Высота списка выбора	Число																																																														
ПолеФормы	ПолеВвода	Расположение	ШиринаВыпадающегоСписка	DropListWidth	Ширина выпадающего списка	Число																																																														
ПолеФормы	ПолеВвода	Расположение	РастягиватьПоГоризонтали	HorizontalStretch	Растягивать по горизонтали	БулевоНеопределено		Истина																																																												
ПолеФормы	ПолеВвода	Расположение	РастягиватьПоВертикали	VerticalStretch	Растягивать по вертикали	БулевоНеопределено		Истина																																																												
ПолеФормы	ПолеВвода	Расположение	ВысотаЗаголовка	TitleHeight	Высота заголовка	Число		Истина																																																												
ПолеФормы	ПолеГеографическойСхемы	Основные	Заголовок	Title	Заголовок	Строка		Истина																																																												
ПолеФормы	ПолеГеографическойСхемы	Основные	Вид	Type	Вид	ВидПоляФормы			ПолеHTMLДокумента	HTMLDocumentField	Поле HTML документа	ПолеPDFДокумента	PDFDocumentField	Поле PDF документа	ПолеВвода	InputField	Поле ввода	ПолеГеографическойСхемы	GeographicalSchemaField	Поле географической схемы	ПолеГрафическойСхемы	GraphicalSchemaField	Поле графической схемы	ПолеДендрограммы	DendrogramField	Поле дендрограммы	ПолеДиаграммы	ChartField	Поле диаграммы	ПолеДиаграммыГанта	GanttChartField	Поле диаграммы Ганта	ПолеИндикатора	ProgressBarField	Поле индикатора	ПолеКалендаря	CalendarField	Поле календаря	ПолеКартинки	PictureField	Поле картинки	ПолеНадписи	LabelField	Поле надписи	ПолеПереключателя	RadioButtonField	Поле переключателя	ПолеПериода	PeriodField	Поле периода	ПолеПланировщика	PlannerField	Поле данных планировщика	ПолеПолосыРегулирования	TrackBarField	Поле полосы регулирования	ПолеТабличногоДокумента	SpreadsheetDocumentField	Поле табличного документа	ПолеТекстовогоДокумента	TextDocumentField	Поле текстового документа	ПолеФлажка	CheckBoxField	Поле флажка	ПолеФорматированногоДокумента	FormattedDocumentField	Поле форматированного документа
ПолеФормы	ПолеГеографическойСхемы	Основные	ПутьКДанным	DataPath	Путь к данным	Строка																																																														
ПолеФормы	ПолеГеографическойСхемы	Основные	ПоложениеЗаголовка	TitleLocation	Положение заголовка	ПоложениеЗаголовкаЭлементаФормы	Авто		Авто	Auto	Авто	Верх	Top	Верх	Лево	Left	Лево	Нет	None	Нет	Низ	Bottom	Низ	Право	Right	Право																																										
ПолеФормы	ПолеГеографическойСхемы	Основные	Видимость	Visible	Видимость	Булево	Истина																																																													
ПолеФормы	ПолеГеографическойСхемы	Основные	Доступность	Enabled	Доступность	Булево	Истина	Истина																																																												
ПолеФормы	ПолеГеографическойСхемы	Основные	ТолькоПросмотр	ReadOnly	Только просмотр	Булево		Истина																																																												
ПолеФормы	ПолеГеографическойСхемы	Основные	ПропускатьПриВводе	SkipOnInput	Пропускать при вводе	БулевоНеопределено																																																														
ПолеФормы	ПолеГеографическойСхемы	Основные	АктивизироватьПоУмолчанию	DefaultItem	Активизировать по умолчанию	Булево																																																														
ПолеФормы	ПолеГеографическойСхемы	Основные	ВажностьПриОтображении	DisplayImportance	Важность при отображении	ВажностьПриОтображении	Авто		Авто	Auto	Авто	Высокая	High	Высокая	Низкая	Low	Низкая	Обычная	Usual	Обычная	ОченьВысокая	VeryHigh	Очень высокая	ОченьНизкая	VeryLow	Очень низкая																																										
ПолеФормы	ПолеГеографическойСхемы	Основные	ПоведениеПриНедоступностиОсновногоСервера	OnMainServerUnavalableBehavior	Поведение при недоступности основного сервера	ПоведениеПриНедоступностиОсновногоСервера	Авто		Авто	Auto	Авто	НеИзменятьПоведение	DontChangeBehavior	Не изменять поведение	ОтключитьДоступность	MakeDisable	Отключать доступность																																																			
ПолеФормы	ПолеГеографическойСхемы	Использование	ОтображениеПредупрежденияПриРедактировании	WarningOnEditRepresentation	Отображение предупреждения при редактировании	ОтображениеПредупрежденияПриРедактировании	Авто		Авто	Auto	Авто	НеОтображать	DontShow	Не отображать	Отображать	Show	Отображать																																																			
ПолеФормы	ПолеГеографическойСхемы	Использование	ПредупреждениеПриРедактировании	WarningOnEdit	Предупреждение при редактировании	Строка																																																														
ПолеФормы	ПолеГеографическойСхемы	Использование	СочетаниеКлавиш	Shortcut	Сочетание клавиш	Сочетание клавиш																																																														
ПолеФормы	ПолеГеографическойСхемы	Использование	Подсказка	ToolTip	Подсказка	Сочетание клавиш		Истина																																																												
ПолеФормы	ПолеГеографическойСхемы	Использование	ОтображениеПодсказки	ToolTipRepresentation	Отображение подсказки	ОтображениеПодсказки	Авто	Истина	Авто	Auto	Авто	Всплывающая	Balloon	Всплывающая подсказка	Кнопка	Button	Кнопка	Нет	None	Нет	ОтображатьАвто	ShowAuto	Отображать авто	ОтображатьСверху	ShowTop	Отображать сверху	ОтображатьСлева	ShowLeft	Отображать слева	ОтображатьСнизу	ShowBottom	Отображать снизу	ОтображатьСправа	ShowRight	Отображать справа																																	
ПолеФормы	ПолеГеографическойСхемы	Оформление	ЦветТекстаЗаголовка	TitleTextColor	Цвет текста заголовка	Цвет		Истина																																																												
ПолеФормы	ПолеГеографическойСхемы	Оформление	ШрифтЗаголовка	TitleFont	Шрифт заголовка	Шрифт		Истина																																																												
ПолеФормы	ПолеГеографическойСхемы	Оформление	ЦветРамки	BorderColor	Цвет рамки	Цвет		Истина																																																												
ПолеФормы	ПолеГеографическойСхемы	Расположение	ГоризонтальноеПоложениеВГруппе	HorizontalAlignInGroup	Горизонтальное положение в группе	ГоризонтальноеПоложениеЭлемента	Авто	Истина	Авто	Auto	Авто	Лево	Left	Лево	Право	Right	Право	Центр	Center	Центр																																																
ПолеФормы	ПолеГеографическойСхемы	Расположение	ВертикальноеПоложениеВГруппе	VerticalAlignInGroup	Вертикальное положение в группе	ВертикальноеПоложениеЭлемента	Авто	Истина	Авто	Auto	Авто	Верх	Top	Верх	Низ	Bottom	Низ	Центр	Center	Центр																																																
ПолеФормы	ПолеГеографическойСхемы	Расположение	Ширина	Width	Ширина	Число		Истина																																																												
ПолеФормы	ПолеГеографическойСхемы	Расположение	Высота	Height	Высота	Число		Истина																																																												
ПолеФормы	ПолеГеографическойСхемы	Расположение	АвтоМаксимальнаяШирина	AutoMaxWidth	Авто максимальная ширина	Булево	Истина	Истина																																																												
ПолеФормы	ПолеГеографическойСхемы	Расположение	АвтоМаксимальнаяВысота	AutoMaxHeight	Авто максимальная высота	Булево	Истина	Истина																																																												
ПолеФормы	ПолеГеографическойСхемы	Расположение	РастягиватьПоГоризонтали	HorizontalStretch	Растягивать по горизонтали	БулевоНеопределено		Истина																																																												
ПолеФормы	ПолеГеографическойСхемы	Расположение	РастягиватьПоВертикали	VerticalStretch	Растягивать по вертикали	БулевоНеопределено		Истина																																																												
ПолеФормы	ПолеГеографическойСхемы	Расположение	ВысотаЗаголовка	TitleHeight	Высота заголовка	Число		Истина																																																												
ПолеФормы	ПолеГрафическойСхемы	Основные	Заголовок	Title	Заголовок	Строка		Истина																																																												
ПолеФормы	ПолеГрафическойСхемы	Основные	Вид	Type	Вид	ВидПоляФормы			ПолеHTMLДокумента	HTMLDocumentField	Поле HTML документа	ПолеPDFДокумента	PDFDocumentField	Поле PDF документа	ПолеВвода	InputField	Поле ввода	ПолеГеографическойСхемы	GeographicalSchemaField	Поле географической схемы	ПолеГрафическойСхемы	GraphicalSchemaField	Поле графической схемы	ПолеДендрограммы	DendrogramField	Поле дендрограммы	ПолеДиаграммы	ChartField	Поле диаграммы	ПолеДиаграммыГанта	GanttChartField	Поле диаграммы Ганта	ПолеИндикатора	ProgressBarField	Поле индикатора	ПолеКалендаря	CalendarField	Поле календаря	ПолеКартинки	PictureField	Поле картинки	ПолеНадписи	LabelField	Поле надписи	ПолеПереключателя	RadioButtonField	Поле переключателя	ПолеПериода	PeriodField	Поле периода	ПолеПланировщика	PlannerField	Поле данных планировщика	ПолеПолосыРегулирования	TrackBarField	Поле полосы регулирования	ПолеТабличногоДокумента	SpreadsheetDocumentField	Поле табличного документа	ПолеТекстовогоДокумента	TextDocumentField	Поле текстового документа	ПолеФлажка	CheckBoxField	Поле флажка	ПолеФорматированногоДокумента	FormattedDocumentField	Поле форматированного документа
ПолеФормы	ПолеГрафическойСхемы	Основные	ПутьКДанным	DataPath	Путь к данным	Строка																																																														
ПолеФормы	ПолеГрафическойСхемы	Основные	ПоложениеЗаголовка	TitleLocation	Положение заголовка	ПоложениеЗаголовкаЭлементаФормы	Авто		Авто	Auto	Авто	Верх	Top	Верх	Лево	Left	Лево	Нет	None	Нет	Низ	Bottom	Низ	Право	Right	Право																																										
ПолеФормы	ПолеГрафическойСхемы	Основные	Видимость	Visible	Видимость	Булево	Истина																																																													
ПолеФормы	ПолеГрафическойСхемы	Основные	Доступность	Enabled	Доступность	Булево	Истина	Истина																																																												
ПолеФормы	ПолеГрафическойСхемы	Основные	ТолькоПросмотр	ReadOnly	Только просмотр	Булево		Истина																																																												
ПолеФормы	ПолеГрафическойСхемы	Основные	ПропускатьПриВводе	SkipOnInput	Пропускать при вводе	БулевоНеопределено																																																														
ПолеФормы	ПолеГрафическойСхемы	Основные	АктивизироватьПоУмолчанию	DefaultItem	Активизировать по умолчанию	Булево																																																														
ПолеФормы	ПолеГрафическойСхемы	Основные	ВажностьПриОтображении	DisplayImportance	Важность при отображении	ВажностьПриОтображении	Авто		Авто	Auto	Авто	Высокая	High	Высокая	Низкая	Low	Низкая	Обычная	Usual	Обычная	ОченьВысокая	VeryHigh	Очень высокая	ОченьНизкая	VeryLow	Очень низкая																																										
ПолеФормы	ПолеГрафическойСхемы	Основные	ПоведениеПриНедоступностиОсновногоСервера	OnMainServerUnavalableBehavior	Поведение при недоступности основного сервера	ПоведениеПриНедоступностиОсновногоСервера	Авто		Авто	Auto	Авто	НеИзменятьПоведение	DontChangeBehavior	Не изменять поведение	ОтключитьДоступность	MakeDisable	Отключать доступность																																																			
ПолеФормы	ПолеГрафическойСхемы	Использование	ОтображениеПредупрежденияПриРедактировании	WarningOnEditRepresentation	Отображение предупреждения при редактировании	ОтображениеПредупрежденияПриРедактировании	Авто		Авто	Auto	Авто	НеОтображать	DontShow	Не отображать	Отображать	Show	Отображать																																																			
ПолеФормы	ПолеГрафическойСхемы	Использование	ПредупреждениеПриРедактировании	WarningOnEdit	Предупреждение при редактировании	Строка																																																														
ПолеФормы	ПолеГрафическойСхемы	Использование	СочетаниеКлавиш	Shortcut	Сочетание клавиш	Сочетание клавиш																																																														
ПолеФормы	ПолеГрафическойСхемы	Использование	Редактирование	Edit	Редактирование	Булево																																																														
ПолеФормы	ПолеГрафическойСхемы	Использование	Подсказка	ToolTip	Подсказка	Сочетание клавиш		Истина																																																												
ПолеФормы	ПолеГрафическойСхемы	Использование	ОтображениеПодсказки	ToolTipRepresentation	Отображение подсказки	ОтображениеПодсказки	Авто	Истина	Авто	Auto	Авто	Всплывающая	Balloon	Всплывающая подсказка	Кнопка	Button	Кнопка	Нет	None	Нет	ОтображатьАвто	ShowAuto	Отображать авто	ОтображатьСверху	ShowTop	Отображать сверху	ОтображатьСлева	ShowLeft	Отображать слева	ОтображатьСнизу	ShowBottom	Отображать снизу	ОтображатьСправа	ShowRight	Отображать справа																																	
ПолеФормы	ПолеГрафическойСхемы	Оформление	ЦветТекстаЗаголовка	TitleTextColor	Цвет текста заголовка	Цвет		Истина																																																												
ПолеФормы	ПолеГрафическойСхемы	Оформление	ШрифтЗаголовка	TitleFont	Шрифт заголовка	Шрифт		Истина																																																												
ПолеФормы	ПолеГрафическойСхемы	Оформление	ЦветРамки	BorderColor	Цвет рамки	Цвет		Истина																																																												
ПолеФормы	ПолеГрафическойСхемы	Расположение	ГоризонтальноеПоложениеВГруппе	HorizontalAlignInGroup	Горизонтальное положение в группе	ГоризонтальноеПоложениеЭлемента	Авто	Истина	Авто	Auto	Авто	Лево	Left	Лево	Право	Right	Право	Центр	Center	Центр																																																
ПолеФормы	ПолеГрафическойСхемы	Расположение	ВертикальноеПоложениеВГруппе	VerticalAlignInGroup	Вертикальное положение в группе	ВертикальноеПоложениеЭлемента	Авто	Истина	Авто	Auto	Авто	Верх	Top	Верх	Низ	Bottom	Низ	Центр	Center	Центр																																																
ПолеФормы	ПолеГрафическойСхемы	Расположение	Ширина	Width	Ширина	Число		Истина																																																												
ПолеФормы	ПолеГрафическойСхемы	Расположение	Высота	Height	Высота	Число		Истина																																																												
ПолеФормы	ПолеГрафическойСхемы	Расположение	АвтоМаксимальнаяШирина	AutoMaxWidth	Авто максимальная ширина	Булево	Истина	Истина																																																												
ПолеФормы	ПолеГрафическойСхемы	Расположение	АвтоМаксимальнаяВысота	AutoMaxHeight	Авто максимальная высота	Булево	Истина	Истина																																																												
ПолеФормы	ПолеГрафическойСхемы	Расположение	РастягиватьПоГоризонтали	HorizontalStretch	Растягивать по горизонтали	БулевоНеопределено		Истина																																																												
ПолеФормы	ПолеГрафическойСхемы	Расположение	РастягиватьПоВертикали	VerticalStretch	Растягивать по вертикали	БулевоНеопределено		Истина																																																												
ПолеФормы	ПолеГрафическойСхемы	Расположение	ВысотаЗаголовка	TitleHeight	Высота заголовка	Число		Истина																																																												
ПолеФормы	ПолеДендрограммы	Основные	Заголовок	Title	Заголовок	Строка		Истина																																																												
ПолеФормы	ПолеДендрограммы	Основные	Вид	Type	Вид	ВидПоляФормы			ПолеHTMLДокумента	HTMLDocumentField	Поле HTML документа	ПолеPDFДокумента	PDFDocumentField	Поле PDF документа	ПолеВвода	InputField	Поле ввода	ПолеГеографическойСхемы	GeographicalSchemaField	Поле географической схемы	ПолеГрафическойСхемы	GraphicalSchemaField	Поле графической схемы	ПолеДендрограммы	DendrogramField	Поле дендрограммы	ПолеДиаграммы	ChartField	Поле диаграммы	ПолеДиаграммыГанта	GanttChartField	Поле диаграммы Ганта	ПолеИндикатора	ProgressBarField	Поле индикатора	ПолеКалендаря	CalendarField	Поле календаря	ПолеКартинки	PictureField	Поле картинки	ПолеНадписи	LabelField	Поле надписи	ПолеПереключателя	RadioButtonField	Поле переключателя	ПолеПериода	PeriodField	Поле периода	ПолеПланировщика	PlannerField	Поле данных планировщика	ПолеПолосыРегулирования	TrackBarField	Поле полосы регулирования	ПолеТабличногоДокумента	SpreadsheetDocumentField	Поле табличного документа	ПолеТекстовогоДокумента	TextDocumentField	Поле текстового документа	ПолеФлажка	CheckBoxField	Поле флажка	ПолеФорматированногоДокумента	FormattedDocumentField	Поле форматированного документа
ПолеФормы	ПолеДендрограммы	Основные	ПутьКДанным	DataPath	Путь к данным	Строка																																																														
ПолеФормы	ПолеДендрограммы	Основные	ПоложениеЗаголовка	TitleLocation	Положение заголовка	ПоложениеЗаголовкаЭлементаФормы	Авто		Авто	Auto	Авто	Верх	Top	Верх	Лево	Left	Лево	Нет	None	Нет	Низ	Bottom	Низ	Право	Right	Право																																										
ПолеФормы	ПолеДендрограммы	Основные	Видимость	Visible	Видимость	Булево	Истина																																																													
ПолеФормы	ПолеДендрограммы	Основные	Доступность	Enabled	Доступность	Булево	Истина	Истина																																																												
ПолеФормы	ПолеДендрограммы	Основные	ТолькоПросмотр	ReadOnly	Только просмотр	Булево		Истина																																																												
ПолеФормы	ПолеДендрограммы	Основные	ПропускатьПриВводе	SkipOnInput	Пропускать при вводе	БулевоНеопределено																																																														
ПолеФормы	ПолеДендрограммы	Основные	АктивизироватьПоУмолчанию	DefaultItem	Активизировать по умолчанию	Булево																																																														
ПолеФормы	ПолеДендрограммы	Основные	ВажностьПриОтображении	DisplayImportance	Важность при отображении	ВажностьПриОтображении	Авто		Авто	Auto	Авто	Высокая	High	Высокая	Низкая	Low	Низкая	Обычная	Usual	Обычная	ОченьВысокая	VeryHigh	Очень высокая	ОченьНизкая	VeryLow	Очень низкая																																										
ПолеФормы	ПолеДендрограммы	Основные	ПоведениеПриНедоступностиОсновногоСервера	OnMainServerUnavalableBehavior	Поведение при недоступности основного сервера	ПоведениеПриНедоступностиОсновногоСервера	Авто		Авто	Auto	Авто	НеИзменятьПоведение	DontChangeBehavior	Не изменять поведение	ОтключитьДоступность	MakeDisable	Отключать доступность																																																			
ПолеФормы	ПолеДендрограммы	Использование	ОтображениеПредупрежденияПриРедактировании	WarningOnEditRepresentation	Отображение предупреждения при редактировании	ОтображениеПредупрежденияПриРедактировании	Авто		Авто	Auto	Авто	НеОтображать	DontShow	Не отображать	Отображать	Show	Отображать																																																			
ПолеФормы	ПолеДендрограммы	Использование	ПредупреждениеПриРедактировании	WarningOnEdit	Предупреждение при редактировании	Строка																																																														
ПолеФормы	ПолеДендрограммы	Использование	СочетаниеКлавиш	Shortcut	Сочетание клавиш	Сочетание клавиш																																																														
ПолеФормы	ПолеДендрограммы	Использование	Подсказка	ToolTip	Подсказка	Сочетание клавиш		Истина																																																												
ПолеФормы	ПолеДендрограммы	Использование	ОтображениеПодсказки	ToolTipRepresentation	Отображение подсказки	ОтображениеПодсказки	Авто	Истина	Авто	Auto	Авто	Всплывающая	Balloon	Всплывающая подсказка	Кнопка	Button	Кнопка	Нет	None	Нет	ОтображатьАвто	ShowAuto	Отображать авто	ОтображатьСверху	ShowTop	Отображать сверху	ОтображатьСлева	ShowLeft	Отображать слева	ОтображатьСнизу	ShowBottom	Отображать снизу	ОтображатьСправа	ShowRight	Отображать справа																																	
ПолеФормы	ПолеДендрограммы	Оформление	ЦветТекстаЗаголовка	TitleTextColor	Цвет текста заголовка	Цвет		Истина																																																												
ПолеФормы	ПолеДендрограммы	Оформление	ШрифтЗаголовка	TitleFont	Шрифт заголовка	Шрифт		Истина																																																												
ПолеФормы	ПолеДендрограммы	Расположение	ГоризонтальноеПоложениеВГруппе	HorizontalAlignInGroup	Горизонтальное положение в группе	ГоризонтальноеПоложениеЭлемента	Авто	Истина	Авто	Auto	Авто	Лево	Left	Лево	Право	Right	Право	Центр	Center	Центр																																																
ПолеФормы	ПолеДендрограммы	Расположение	ВертикальноеПоложениеВГруппе	VerticalAlignInGroup	Вертикальное положение в группе	ВертикальноеПоложениеЭлемента	Авто	Истина	Авто	Auto	Авто	Верх	Top	Верх	Низ	Bottom	Низ	Центр	Center	Центр																																																
ПолеФормы	ПолеДендрограммы	Расположение	Ширина	Width	Ширина	Число		Истина																																																												
ПолеФормы	ПолеДендрограммы	Расположение	Высота	Height	Высота	Число		Истина																																																												
ПолеФормы	ПолеДендрограммы	Расположение	АвтоМаксимальнаяШирина	AutoMaxWidth	Авто максимальная ширина	Булево	Истина	Истина																																																												
ПолеФормы	ПолеДендрограммы	Расположение	АвтоМаксимальнаяВысота	AutoMaxHeight	Авто максимальная высота	Булево	Истина	Истина																																																												
ПолеФормы	ПолеДендрограммы	Расположение	РастягиватьПоГоризонтали	HorizontalStretch	Растягивать по горизонтали	БулевоНеопределено		Истина																																																												
ПолеФормы	ПолеДендрограммы	Расположение	РастягиватьПоВертикали	VerticalStretch	Растягивать по вертикали	БулевоНеопределено		Истина																																																												
ПолеФормы	ПолеДендрограммы	Расположение	ВысотаЗаголовка	TitleHeight	Высота заголовка	Число		Истина																																																												
ПолеФормы	ПолеДиаграммы	Основные	Заголовок	Title	Заголовок	Строка		Истина																																																												
ПолеФормы	ПолеДиаграммы	Основные	Вид	Type	Вид	ВидПоляФормы			ПолеHTMLДокумента	HTMLDocumentField	Поле HTML документа	ПолеPDFДокумента	PDFDocumentField	Поле PDF документа	ПолеВвода	InputField	Поле ввода	ПолеГеографическойСхемы	GeographicalSchemaField	Поле географической схемы	ПолеГрафическойСхемы	GraphicalSchemaField	Поле графической схемы	ПолеДендрограммы	DendrogramField	Поле дендрограммы	ПолеДиаграммы	ChartField	Поле диаграммы	ПолеДиаграммыГанта	GanttChartField	Поле диаграммы Ганта	ПолеИндикатора	ProgressBarField	Поле индикатора	ПолеКалендаря	CalendarField	Поле календаря	ПолеКартинки	PictureField	Поле картинки	ПолеНадписи	LabelField	Поле надписи	ПолеПереключателя	RadioButtonField	Поле переключателя	ПолеПериода	PeriodField	Поле периода	ПолеПланировщика	PlannerField	Поле данных планировщика	ПолеПолосыРегулирования	TrackBarField	Поле полосы регулирования	ПолеТабличногоДокумента	SpreadsheetDocumentField	Поле табличного документа	ПолеТекстовогоДокумента	TextDocumentField	Поле текстового документа	ПолеФлажка	CheckBoxField	Поле флажка	ПолеФорматированногоДокумента	FormattedDocumentField	Поле форматированного документа
ПолеФормы	ПолеДиаграммы	Основные	ПутьКДанным	DataPath	Путь к данным	Строка																																																														
ПолеФормы	ПолеДиаграммы	Основные	ПоложениеЗаголовка	TitleLocation	Положение заголовка	ПоложениеЗаголовкаЭлементаФормы	Авто		Авто	Auto	Авто	Верх	Top	Верх	Лево	Left	Лево	Нет	None	Нет	Низ	Bottom	Низ	Право	Right	Право																																										
ПолеФормы	ПолеДиаграммы	Основные	Видимость	Visible	Видимость	Булево	Истина																																																													
ПолеФормы	ПолеДиаграммы	Основные	Доступность	Enabled	Доступность	Булево	Истина	Истина																																																												
ПолеФормы	ПолеДиаграммы	Основные	ТолькоПросмотр	ReadOnly	Только просмотр	Булево		Истина																																																												
ПолеФормы	ПолеДиаграммы	Основные	ПропускатьПриВводе	SkipOnInput	Пропускать при вводе	БулевоНеопределено																																																														
ПолеФормы	ПолеДиаграммы	Основные	АктивизироватьПоУмолчанию	DefaultItem	Активизировать по умолчанию	Булево																																																														
ПолеФормы	ПолеДиаграммы	Основные	ВажностьПриОтображении	DisplayImportance	Важность при отображении	ВажностьПриОтображении	Авто		Авто	Auto	Авто	Высокая	High	Высокая	Низкая	Low	Низкая	Обычная	Usual	Обычная	ОченьВысокая	VeryHigh	Очень высокая	ОченьНизкая	VeryLow	Очень низкая																																										
ПолеФормы	ПолеДиаграммы	Основные	ПоведениеПриНедоступностиОсновногоСервера	OnMainServerUnavalableBehavior	Поведение при недоступности основного сервера	ПоведениеПриНедоступностиОсновногоСервера	Авто		Авто	Auto	Авто	НеИзменятьПоведение	DontChangeBehavior	Не изменять поведение	ОтключитьДоступность	MakeDisable	Отключать доступность																																																			
ПолеФормы	ПолеДиаграммы	Использование	ОтображениеПредупрежденияПриРедактировании	WarningOnEditRepresentation	Отображение предупреждения при редактировании	ОтображениеПредупрежденияПриРедактировании	Авто		Авто	Auto	Авто	НеОтображать	DontShow	Не отображать	Отображать	Show	Отображать																																																			
ПолеФормы	ПолеДиаграммы	Использование	ПредупреждениеПриРедактировании	WarningOnEdit	Предупреждение при редактировании	Строка																																																														
ПолеФормы	ПолеДиаграммы	Использование	СочетаниеКлавиш	Shortcut	Сочетание клавиш	Сочетание клавиш																																																														
ПолеФормы	ПолеДиаграммы	Использование	Подсказка	ToolTip	Подсказка	Сочетание клавиш		Истина																																																												
ПолеФормы	ПолеДиаграммы	Использование	ОтображениеПодсказки	ToolTipRepresentation	Отображение подсказки	ОтображениеПодсказки	Авто	Истина	Авто	Auto	Авто	Всплывающая	Balloon	Всплывающая подсказка	Кнопка	Button	Кнопка	Нет	None	Нет	ОтображатьАвто	ShowAuto	Отображать авто	ОтображатьСверху	ShowTop	Отображать сверху	ОтображатьСлева	ShowLeft	Отображать слева	ОтображатьСнизу	ShowBottom	Отображать снизу	ОтображатьСправа	ShowRight	Отображать справа																																	
ПолеФормы	ПолеДиаграммы	Оформление	ЦветТекстаЗаголовка	TitleTextColor	Цвет текста заголовка	Цвет		Истина																																																												
ПолеФормы	ПолеДиаграммы	Оформление	ШрифтЗаголовка	TitleFont	Шрифт заголовка	Шрифт		Истина																																																												
ПолеФормы	ПолеДиаграммы	Расположение	ГоризонтальноеПоложениеВГруппе	HorizontalAlignInGroup	Горизонтальное положение в группе	ГоризонтальноеПоложениеЭлемента	Авто	Истина	Авто	Auto	Авто	Лево	Left	Лево	Право	Right	Право	Центр	Center	Центр																																																
ПолеФормы	ПолеДиаграммы	Расположение	ВертикальноеПоложениеВГруппе	VerticalAlignInGroup	Вертикальное положение в группе	ВертикальноеПоложениеЭлемента	Авто	Истина	Авто	Auto	Авто	Верх	Top	Верх	Низ	Bottom	Низ	Центр	Center	Центр																																																
ПолеФормы	ПолеДиаграммы	Расположение	Ширина	Width	Ширина	Число		Истина																																																												
ПолеФормы	ПолеДиаграммы	Расположение	Высота	Height	Высота	Число		Истина																																																												
ПолеФормы	ПолеДиаграммы	Расположение	АвтоМаксимальнаяШирина	AutoMaxWidth	Авто максимальная ширина	Булево	Истина	Истина																																																												
ПолеФормы	ПолеДиаграммы	Расположение	АвтоМаксимальнаяВысота	AutoMaxHeight	Авто максимальная высота	Булево	Истина	Истина																																																												
ПолеФормы	ПолеДиаграммы	Расположение	РастягиватьПоГоризонтали	HorizontalStretch	Растягивать по горизонтали	БулевоНеопределено		Истина																																																												
ПолеФормы	ПолеДиаграммы	Расположение	РастягиватьПоВертикали	VerticalStretch	Растягивать по вертикали	БулевоНеопределено		Истина																																																												
ПолеФормы	ПолеДиаграммы	Расположение	ВысотаЗаголовка	TitleHeight	Высота заголовка	Число		Истина																																																												
ПолеФормы	ПолеДиаграммыГанта	Основные	Заголовок	Title	Заголовок	Строка		Истина																																																												
ПолеФормы	ПолеДиаграммыГанта	Основные	Вид	Type	Вид	ВидПоляФормы			ПолеHTMLДокумента	HTMLDocumentField	Поле HTML документа	ПолеPDFДокумента	PDFDocumentField	Поле PDF документа	ПолеВвода	InputField	Поле ввода	ПолеГеографическойСхемы	GeographicalSchemaField	Поле географической схемы	ПолеГрафическойСхемы	GraphicalSchemaField	Поле графической схемы	ПолеДендрограммы	DendrogramField	Поле дендрограммы	ПолеДиаграммы	ChartField	Поле диаграммы	ПолеДиаграммыГанта	GanttChartField	Поле диаграммы Ганта	ПолеИндикатора	ProgressBarField	Поле индикатора	ПолеКалендаря	CalendarField	Поле календаря	ПолеКартинки	PictureField	Поле картинки	ПолеНадписи	LabelField	Поле надписи	ПолеПереключателя	RadioButtonField	Поле переключателя	ПолеПериода	PeriodField	Поле периода	ПолеПланировщика	PlannerField	Поле данных планировщика	ПолеПолосыРегулирования	TrackBarField	Поле полосы регулирования	ПолеТабличногоДокумента	SpreadsheetDocumentField	Поле табличного документа	ПолеТекстовогоДокумента	TextDocumentField	Поле текстового документа	ПолеФлажка	CheckBoxField	Поле флажка	ПолеФорматированногоДокумента	FormattedDocumentField	Поле форматированного документа
ПолеФормы	ПолеДиаграммыГанта	Основные	ПутьКДанным	DataPath	Путь к данным	Строка																																																														
ПолеФормы	ПолеДиаграммыГанта	Основные	ПоложениеЗаголовка	TitleLocation	Положение заголовка	ПоложениеЗаголовкаЭлементаФормы	Авто		Авто	Auto	Авто	Верх	Top	Верх	Лево	Left	Лево	Нет	None	Нет	Низ	Bottom	Низ	Право	Right	Право																																										
ПолеФормы	ПолеДиаграммыГанта	Основные	Видимость	Visible	Видимость	Булево	Истина																																																													
ПолеФормы	ПолеДиаграммыГанта	Основные	Доступность	Enabled	Доступность	Булево	Истина	Истина																																																												
ПолеФормы	ПолеДиаграммыГанта	Основные	ТолькоПросмотр	ReadOnly	Только просмотр	Булево		Истина																																																												
ПолеФормы	ПолеДиаграммыГанта	Основные	ПропускатьПриВводе	SkipOnInput	Пропускать при вводе	БулевоНеопределено																																																														
ПолеФормы	ПолеДиаграммыГанта	Основные	АктивизироватьПоУмолчанию	DefaultItem	Активизировать по умолчанию	Булево																																																														
ПолеФормы	ПолеДиаграммыГанта	Основные	ВажностьПриОтображении	DisplayImportance	Важность при отображении	ВажностьПриОтображении	Авто		Авто	Auto	Авто	Высокая	High	Высокая	Низкая	Low	Низкая	Обычная	Usual	Обычная	ОченьВысокая	VeryHigh	Очень высокая	ОченьНизкая	VeryLow	Очень низкая																																										
ПолеФормы	ПолеДиаграммыГанта	Основные	ПоведениеПриНедоступностиОсновногоСервера	OnMainServerUnavalableBehavior	Поведение при недоступности основного сервера	ПоведениеПриНедоступностиОсновногоСервера	Авто		Авто	Auto	Авто	НеИзменятьПоведение	DontChangeBehavior	Не изменять поведение	ОтключитьДоступность	MakeDisable	Отключать доступность																																																			
ПолеФормы	ПолеДиаграммыГанта	Использование	ОтображениеПредупрежденияПриРедактировании	WarningOnEditRepresentation	Отображение предупреждения при редактировании	ОтображениеПредупрежденияПриРедактировании	Авто		Авто	Auto	Авто	НеОтображать	DontShow	Не отображать	Отображать	Show	Отображать																																																			
ПолеФормы	ПолеДиаграммыГанта	Использование	ПредупреждениеПриРедактировании	WarningOnEdit	Предупреждение при редактировании	Строка																																																														
ПолеФормы	ПолеДиаграммыГанта	Использование	СочетаниеКлавиш	Shortcut	Сочетание клавиш	Сочетание клавиш																																																														
ПолеФормы	ПолеДиаграммыГанта	Использование	РежимВыделенияЗначений	ValuesSelectionMode	Режим выделения значений	РежимВыделенияЗначенийДиаграммыГанта	Авто		Авто	Auto	Авто	Множественный	Multiple	Множественный	Нет	None	Нет	Одиночный	Single	Одиночный																																																
ПолеФормы	ПолеДиаграммыГанта	Использование	РежимВыделенияИнтервалов	IntervalsSelectionMode	Режим выделения интервалов	РежимВыделенияЗначенийДиаграммыГанта	Авто		Авто	Auto	Авто	Множественный	Multiple	Множественный	Нет	None	Нет	Одиночный	Single	Одиночный																																																
ПолеФормы	ПолеДиаграммыГанта	Использование	Подсказка	ToolTip	Подсказка	Сочетание клавиш		Истина																																																												
ПолеФормы	ПолеДиаграммыГанта	Использование	ОтображениеПодсказки	ToolTipRepresentation	Отображение подсказки	ОтображениеПодсказки	Авто	Истина	Авто	Auto	Авто	Всплывающая	Balloon	Всплывающая подсказка	Кнопка	Button	Кнопка	Нет	None	Нет	ОтображатьАвто	ShowAuto	Отображать авто	ОтображатьСверху	ShowTop	Отображать сверху	ОтображатьСлева	ShowLeft	Отображать слева	ОтображатьСнизу	ShowBottom	Отображать снизу	ОтображатьСправа	ShowRight	Отображать справа																																	
ПолеФормы	ПолеДиаграммыГанта	Оформление	ЦветТекстаЗаголовка	TitleTextColor	Цвет текста заголовка	Цвет		Истина																																																												
ПолеФормы	ПолеДиаграммыГанта	Оформление	ШрифтЗаголовка	TitleFont	Шрифт заголовка	Шрифт		Истина																																																												
ПолеФормы	ПолеДиаграммыГанта	Оформление	ГоризонтальныеЛинии	HorizontalLines	Горизонтальные линии	БулевоНеопределено																																																														
ПолеФормы	ПолеДиаграммыГанта	Оформление	ВертикальныеЛинии	VerticalLines	Вертикальные линии	БулевоНеопределено																																																														
ПолеФормы	ПолеДиаграммыГанта	Расположение	ГоризонтальноеПоложениеВГруппе	HorizontalAlignInGroup	Горизонтальное положение в группе	ГоризонтальноеПоложениеЭлемента	Авто	Истина	Авто	Auto	Авто	Лево	Left	Лево	Право	Right	Право	Центр	Center	Центр																																																
ПолеФормы	ПолеДиаграммыГанта	Расположение	ВертикальноеПоложениеВГруппе	VerticalAlignInGroup	Вертикальное положение в группе	ВертикальноеПоложениеЭлемента	Авто	Истина	Авто	Auto	Авто	Верх	Top	Верх	Низ	Bottom	Низ	Центр	Center	Центр																																																
ПолеФормы	ПолеДиаграммыГанта	Расположение	Ширина	Width	Ширина	Число		Истина																																																												
ПолеФормы	ПолеДиаграммыГанта	Расположение	Высота	Height	Высота	Число		Истина																																																												
ПолеФормы	ПолеДиаграммыГанта	Расположение	АвтоМаксимальнаяШирина	AutoMaxWidth	Авто максимальная ширина	Булево	Истина	Истина																																																												
ПолеФормы	ПолеДиаграммыГанта	Расположение	АвтоМаксимальнаяВысота	AutoMaxHeight	Авто максимальная высота	Булево	Истина	Истина																																																												
ПолеФормы	ПолеДиаграммыГанта	Расположение	РастягиватьПоГоризонтали	HorizontalStretch	Растягивать по горизонтали	БулевоНеопределено		Истина																																																												
ПолеФормы	ПолеДиаграммыГанта	Расположение	РастягиватьПоВертикали	VerticalStretch	Растягивать по вертикали	БулевоНеопределено		Истина																																																												
ПолеФормы	ПолеДиаграммыГанта	Расположение	ПоложениеТаблицы	TableLocation	Положение таблицы	ПоложениеТаблицыДиаграммыГанта	Авто		Авто	Auto	Авто	Лево	Left	Лево	Нет	None	Нет	Право	Right	Право																																																
ПолеФормы	ПолеДиаграммыГанта	Расположение	ВысотаЗаголовка	TitleHeight	Высота заголовка	Число		Истина																																																												
ПолеФормы	ПолеИндикатора	Основные	Заголовок	Title	Заголовок	Строка		Истина																																																												
ПолеФормы	ПолеИндикатора	Основные	Вид	Type	Вид	ВидПоляФормы			ПолеHTMLДокумента	HTMLDocumentField	Поле HTML документа	ПолеPDFДокумента	PDFDocumentField	Поле PDF документа	ПолеВвода	InputField	Поле ввода	ПолеГеографическойСхемы	GeographicalSchemaField	Поле географической схемы	ПолеГрафическойСхемы	GraphicalSchemaField	Поле графической схемы	ПолеДендрограммы	DendrogramField	Поле дендрограммы	ПолеДиаграммы	ChartField	Поле диаграммы	ПолеДиаграммыГанта	GanttChartField	Поле диаграммы Ганта	ПолеИндикатора	ProgressBarField	Поле индикатора	ПолеКалендаря	CalendarField	Поле календаря	ПолеКартинки	PictureField	Поле картинки	ПолеНадписи	LabelField	Поле надписи	ПолеПереключателя	RadioButtonField	Поле переключателя	ПолеПериода	PeriodField	Поле периода	ПолеПланировщика	PlannerField	Поле данных планировщика	ПолеПолосыРегулирования	TrackBarField	Поле полосы регулирования	ПолеТабличногоДокумента	SpreadsheetDocumentField	Поле табличного документа	ПолеТекстовогоДокумента	TextDocumentField	Поле текстового документа	ПолеФлажка	CheckBoxField	Поле флажка	ПолеФорматированногоДокумента	FormattedDocumentField	Поле форматированного документа
ПолеФормы	ПолеИндикатора	Основные	ПутьКДанным	DataPath	Путь к данным	Строка																																																														
ПолеФормы	ПолеИндикатора	Основные	ПоложениеЗаголовка	TitleLocation	Положение заголовка	ПоложениеЗаголовкаЭлементаФормы	Авто		Авто	Auto	Авто	Верх	Top	Верх	Лево	Left	Лево	Нет	None	Нет	Низ	Bottom	Низ	Право	Right	Право																																										
ПолеФормы	ПолеИндикатора	Основные	Видимость	Visible	Видимость	Булево	Истина																																																													
ПолеФормы	ПолеИндикатора	Основные	Доступность	Enabled	Доступность	Булево	Истина	Истина																																																												
ПолеФормы	ПолеИндикатора	Основные	ТолькоПросмотр	ReadOnly	Только просмотр	Булево		Истина																																																												
ПолеФормы	ПолеИндикатора	Основные	ПропускатьПриВводе	SkipOnInput	Пропускать при вводе	БулевоНеопределено																																																														
ПолеФормы	ПолеИндикатора	Основные	АктивизироватьПоУмолчанию	DefaultItem	Активизировать по умолчанию	Булево																																																														
ПолеФормы	ПолеИндикатора	Основные	ВажностьПриОтображении	DisplayImportance	Важность при отображении	ВажностьПриОтображении	Авто		Авто	Auto	Авто	Высокая	High	Высокая	Низкая	Low	Низкая	Обычная	Usual	Обычная	ОченьВысокая	VeryHigh	Очень высокая	ОченьНизкая	VeryLow	Очень низкая																																										
ПолеФормы	ПолеИндикатора	Основные	ПоведениеПриНедоступностиОсновногоСервера	OnMainServerUnavalableBehavior	Поведение при недоступности основного сервера	ПоведениеПриНедоступностиОсновногоСервера	Авто		Авто	Auto	Авто	НеИзменятьПоведение	DontChangeBehavior	Не изменять поведение	ОтключитьДоступность	MakeDisable	Отключать доступность																																																			
ПолеФормы	ПолеИндикатора	Данные	МинимальноеЗначение	MinValue	Минимальное значение	Число																																																														
ПолеФормы	ПолеИндикатора	Данные	МаксимальноеЗначение	MaxValue	Максимальное значение	Число																																																														
ПолеФормы	ПолеИндикатора	Использование	ОтображениеПредупрежденияПриРедактировании	WarningOnEditRepresentation	Отображение предупреждения при редактировании	ОтображениеПредупрежденияПриРедактировании	Авто		Авто	Auto	Авто	НеОтображать	DontShow	Не отображать	Отображать	Show	Отображать																																																			
ПолеФормы	ПолеИндикатора	Использование	ПредупреждениеПриРедактировании	WarningOnEdit	Предупреждение при редактировании	Строка																																																														
ПолеФормы	ПолеИндикатора	Использование	СочетаниеКлавиш	Shortcut	Сочетание клавиш	Сочетание клавиш																																																														
ПолеФормы	ПолеИндикатора	Использование	Ориентация	Orientation	Ориентация	ОриентацияЭлементаФормы			Вертикально	Vertical	Вертикально	Горизонтально	Horizontal	Горизонтально																																																						
ПолеФормы	ПолеИндикатора	Использование	Отображение	Representation	Отображение	РежимСглаживанияИндикатора		Истина	Плавный	Smooth	Плавный	Прерывистый	Broken	Прерывистый	ПрерывистыйНаклонный	BrokenTilt	Прерывистый наклонный																																																			
ПолеФормы	ПолеИндикатора	Использование	ОтображатьПроценты	ShowPercent	Отображать проценты	Булево																																																														
ПолеФормы	ПолеИндикатора	Использование	Подсказка	ToolTip	Подсказка	Сочетание клавиш		Истина																																																												
ПолеФормы	ПолеИндикатора	Использование	ОтображениеПодсказки	ToolTipRepresentation	Отображение подсказки	ОтображениеПодсказки	Авто	Истина	Авто	Auto	Авто	Всплывающая	Balloon	Всплывающая подсказка	Кнопка	Button	Кнопка	Нет	None	Нет	ОтображатьАвто	ShowAuto	Отображать авто	ОтображатьСверху	ShowTop	Отображать сверху	ОтображатьСлева	ShowLeft	Отображать слева	ОтображатьСнизу	ShowBottom	Отображать снизу	ОтображатьСправа	ShowRight	Отображать справа																																	
ПолеФормы	ПолеИндикатора	Оформление	ЦветТекстаЗаголовка	TitleTextColor	Цвет текста заголовка	Цвет		Истина																																																												
ПолеФормы	ПолеИндикатора	Оформление	ШрифтЗаголовка	TitleFont	Шрифт заголовка	Шрифт		Истина																																																												
ПолеФормы	ПолеИндикатора	Оформление	ЦветРамки	BorderColor	Цвет рамки	Цвет		Истина																																																												
ПолеФормы	ПолеИндикатора	Расположение	ГоризонтальноеПоложениеВГруппе	HorizontalAlignInGroup	Горизонтальное положение в группе	ГоризонтальноеПоложениеЭлемента	Авто	Истина	Авто	Auto	Авто	Лево	Left	Лево	Право	Right	Право	Центр	Center	Центр																																																
ПолеФормы	ПолеИндикатора	Расположение	ВертикальноеПоложениеВГруппе	VerticalAlignInGroup	Вертикальное положение в группе	ВертикальноеПоложениеЭлемента	Авто	Истина	Авто	Auto	Авто	Верх	Top	Верх	Низ	Bottom	Низ	Центр	Center	Центр																																																
ПолеФормы	ПолеИндикатора	Расположение	Ширина	Width	Ширина	Число		Истина																																																												
ПолеФормы	ПолеИндикатора	Расположение	Высота	Height	Высота	Число		Истина																																																												
ПолеФормы	ПолеИндикатора	Расположение	АвтоМаксимальнаяШирина	AutoMaxWidth	Авто максимальная ширина	Булево	Истина	Истина																																																												
ПолеФормы	ПолеИндикатора	Расположение	АвтоМаксимальнаяВысота	AutoMaxHeight	Авто максимальная высота	Булево	Истина	Истина																																																												
ПолеФормы	ПолеИндикатора	Расположение	РастягиватьПоГоризонтали	HorizontalStretch	Растягивать по горизонтали	БулевоНеопределено		Истина																																																												
ПолеФормы	ПолеИндикатора	Расположение	РастягиватьПоВертикали	VerticalStretch	Растягивать по вертикали	БулевоНеопределено		Истина																																																												
ПолеФормы	ПолеИндикатора	Расположение	ВысотаЗаголовка	TitleHeight	Высота заголовка	Число		Истина																																																												
ПолеФормы	ПолеКалендаря	Основные	Заголовок	Title	Заголовок	Строка		Истина																																																												
ПолеФормы	ПолеКалендаря	Основные	Вид	Type	Вид	ВидПоляФормы			ПолеHTMLДокумента	HTMLDocumentField	Поле HTML документа	ПолеPDFДокумента	PDFDocumentField	Поле PDF документа	ПолеВвода	InputField	Поле ввода	ПолеГеографическойСхемы	GeographicalSchemaField	Поле географической схемы	ПолеГрафическойСхемы	GraphicalSchemaField	Поле графической схемы	ПолеДендрограммы	DendrogramField	Поле дендрограммы	ПолеДиаграммы	ChartField	Поле диаграммы	ПолеДиаграммыГанта	GanttChartField	Поле диаграммы Ганта	ПолеИндикатора	ProgressBarField	Поле индикатора	ПолеКалендаря	CalendarField	Поле календаря	ПолеКартинки	PictureField	Поле картинки	ПолеНадписи	LabelField	Поле надписи	ПолеПереключателя	RadioButtonField	Поле переключателя	ПолеПериода	PeriodField	Поле периода	ПолеПланировщика	PlannerField	Поле данных планировщика	ПолеПолосыРегулирования	TrackBarField	Поле полосы регулирования	ПолеТабличногоДокумента	SpreadsheetDocumentField	Поле табличного документа	ПолеТекстовогоДокумента	TextDocumentField	Поле текстового документа	ПолеФлажка	CheckBoxField	Поле флажка	ПолеФорматированногоДокумента	FormattedDocumentField	Поле форматированного документа
ПолеФормы	ПолеКалендаря	Основные	ПутьКДанным	DataPath	Путь к данным	Строка																																																														
ПолеФормы	ПолеКалендаря	Основные	ПоложениеЗаголовка	TitleLocation	Положение заголовка	ПоложениеЗаголовкаЭлементаФормы	Авто		Авто	Auto	Авто	Верх	Top	Верх	Лево	Left	Лево	Нет	None	Нет	Низ	Bottom	Низ	Право	Right	Право																																										
ПолеФормы	ПолеКалендаря	Основные	Видимость	Visible	Видимость	Булево	Истина																																																													
ПолеФормы	ПолеКалендаря	Основные	Доступность	Enabled	Доступность	Булево	Истина	Истина																																																												
ПолеФормы	ПолеКалендаря	Основные	ТолькоПросмотр	ReadOnly	Только просмотр	Булево		Истина																																																												
ПолеФормы	ПолеКалендаря	Основные	ПропускатьПриВводе	SkipOnInput	Пропускать при вводе	БулевоНеопределено																																																														
ПолеФормы	ПолеКалендаря	Основные	АктивизироватьПоУмолчанию	DefaultItem	Активизировать по умолчанию	Булево																																																														
ПолеФормы	ПолеКалендаря	Основные	ВажностьПриОтображении	DisplayImportance	Важность при отображении	ВажностьПриОтображении	Авто		Авто	Auto	Авто	Высокая	High	Высокая	Низкая	Low	Низкая	Обычная	Usual	Обычная	ОченьВысокая	VeryHigh	Очень высокая	ОченьНизкая	VeryLow	Очень низкая																																										
ПолеФормы	ПолеКалендаря	Основные	ПоведениеПриНедоступностиОсновногоСервера	OnMainServerUnavalableBehavior	Поведение при недоступности основного сервера	ПоведениеПриНедоступностиОсновногоСервера	Авто		Авто	Auto	Авто	НеИзменятьПоведение	DontChangeBehavior	Не изменять поведение	ОтключитьДоступность	MakeDisable	Отключать доступность																																																			
ПолеФормы	ПолеКалендаря	Использование	ОтображениеПредупрежденияПриРедактировании	WarningOnEditRepresentation	Отображение предупреждения при редактировании	ОтображениеПредупрежденияПриРедактировании	Авто		Авто	Auto	Авто	НеОтображать	DontShow	Не отображать	Отображать	Show	Отображать																																																			
ПолеФормы	ПолеКалендаря	Использование	ПредупреждениеПриРедактировании	WarningOnEdit	Предупреждение при редактировании	Строка																																																														
ПолеФормы	ПолеКалендаря	Использование	СочетаниеКлавиш	Shortcut	Сочетание клавиш	Сочетание клавиш																																																														
ПолеФормы	ПолеКалендаря	Использование	РежимВыделения	SelectionMode	Режим выделения	РежимВыделенияДаты			Интервал	Interval	Интервал	Множественный	Multiple	Множественный	Одиночный	Single	Одиночный																																																			
ПолеФормы	ПолеКалендаря	Использование	ОтображатьТекущуюДату	ShowCurrentDate	Отображать текущую дату	Булево																																																														
ПолеФормы	ПолеКалендаря	Использование	ОтображатьПанельМесяцев	ShowMonthsPanel	Отображать панель месяцев	Булево																																																														
ПолеФормы	ПолеКалендаря	Использование	ПеремещениеПоКалендарю	CalendarNavigation	Перемещение по календарю	Булево																																																														
ПолеФормы	ПолеКалендаря	Использование	НачалоПериодаОтображения	BeginOfRepresentationPeriod	Начало периода отображения	ДатаНеопределено																																																														
ПолеФормы	ПолеКалендаря	Использование	КонецПериодаОтображения	EndOfRepresentationPeriod	Конец периода отображения	ДатаНеопределено																																																														
ПолеФормы	ПолеКалендаря	Использование	РазрешитьНачалоПеретаскивания	EnableStartDrag	Разрешить начало перетаскивания	Булево																																																														
ПолеФормы	ПолеКалендаря	Использование	РазрешитьПеретаскивание	EnableDrag	Разрешить перетаскивание	Булево																																																														
ПолеФормы	ПолеКалендаря	Использование	Подсказка	ToolTip	Подсказка	Сочетание клавиш		Истина																																																												
ПолеФормы	ПолеКалендаря	Использование	ОтображениеПодсказки	ToolTipRepresentation	Отображение подсказки	ОтображениеПодсказки	Авто	Истина	Авто	Auto	Авто	Всплывающая	Balloon	Всплывающая подсказка	Кнопка	Button	Кнопка	Нет	None	Нет	ОтображатьАвто	ShowAuto	Отображать авто	ОтображатьСверху	ShowTop	Отображать сверху	ОтображатьСлева	ShowLeft	Отображать слева	ОтображатьСнизу	ShowBottom	Отображать снизу	ОтображатьСправа	ShowRight	Отображать справа																																	
ПолеФормы	ПолеКалендаря	Оформление	ЦветТекстаЗаголовка	TitleTextColor	Цвет текста заголовка	Цвет		Истина																																																												
ПолеФормы	ПолеКалендаря	Оформление	ШрифтЗаголовка	TitleFont	Шрифт заголовка	Шрифт		Истина																																																												
ПолеФормы	ПолеКалендаря	Оформление	ЦветРамки	BorderColor	Цвет рамки	Цвет		Истина																																																												
ПолеФормы	ПолеКалендаря	Оформление	Рамка	Border	Рамка	Рамка		Истина																																																												
ПолеФормы	ПолеКалендаря	Оформление	Шрифт	Font	Шрифт	Шрифт		Истина																																																												
ПолеФормы	ПолеКалендаря	Расположение	ГоризонтальноеПоложениеВГруппе	HorizontalAlignInGroup	Горизонтальное положение в группе	ГоризонтальноеПоложениеЭлемента	Авто	Истина	Авто	Auto	Авто	Лево	Left	Лево	Право	Right	Право	Центр	Center	Центр																																																
ПолеФормы	ПолеКалендаря	Расположение	ВертикальноеПоложениеВГруппе	VerticalAlignInGroup	Вертикальное положение в группе	ВертикальноеПоложениеЭлемента	Авто	Истина	Авто	Auto	Авто	Верх	Top	Верх	Низ	Bottom	Низ	Центр	Center	Центр																																																
ПолеФормы	ПолеКалендаря	Расположение	Ширина	Width	Ширина	Число		Истина																																																												
ПолеФормы	ПолеКалендаря	Расположение	Высота	Height	Высота	Число		Истина																																																												
ПолеФормы	ПолеКалендаря	Расположение	ШиринаВМесяцах	WidthInMonths	Ширина в месяцах	Число																																																														
ПолеФормы	ПолеКалендаря	Расположение	ВысотаВМесяцах	HeightInMonths	Высота в месяцах	Число																																																														
ПолеФормы	ПолеКалендаря	Расположение	АвтоМаксимальнаяШирина	AutoMaxWidth	Авто максимальная ширина	Булево	Истина	Истина																																																												
ПолеФормы	ПолеКалендаря	Расположение	АвтоМаксимальнаяВысота	AutoMaxHeight	Авто максимальная высота	Булево	Истина	Истина																																																												
ПолеФормы	ПолеКалендаря	Расположение	РастягиватьПоГоризонтали	HorizontalStretch	Растягивать по горизонтали	БулевоНеопределено		Истина																																																												
ПолеФормы	ПолеКалендаря	Расположение	РастягиватьПоВертикали	VerticalStretch	Растягивать по вертикали	БулевоНеопределено		Истина																																																												
ПолеФормы	ПолеКалендаря	Расположение	ВысотаЗаголовка	TitleHeight	Высота заголовка	Число		Истина																																																												
ПолеФормы	ПолеКартинки	Основные	Заголовок	Title	Заголовок	Строка		Истина																																																												
ПолеФормы	ПолеКартинки	Основные	Вид	Type	Вид	ВидПоляФормы			ПолеHTMLДокумента	HTMLDocumentField	Поле HTML документа	ПолеPDFДокумента	PDFDocumentField	Поле PDF документа	ПолеВвода	InputField	Поле ввода	ПолеГеографическойСхемы	GeographicalSchemaField	Поле географической схемы	ПолеГрафическойСхемы	GraphicalSchemaField	Поле графической схемы	ПолеДендрограммы	DendrogramField	Поле дендрограммы	ПолеДиаграммы	ChartField	Поле диаграммы	ПолеДиаграммыГанта	GanttChartField	Поле диаграммы Ганта	ПолеИндикатора	ProgressBarField	Поле индикатора	ПолеКалендаря	CalendarField	Поле календаря	ПолеКартинки	PictureField	Поле картинки	ПолеНадписи	LabelField	Поле надписи	ПолеПереключателя	RadioButtonField	Поле переключателя	ПолеПериода	PeriodField	Поле периода	ПолеПланировщика	PlannerField	Поле данных планировщика	ПолеПолосыРегулирования	TrackBarField	Поле полосы регулирования	ПолеТабличногоДокумента	SpreadsheetDocumentField	Поле табличного документа	ПолеТекстовогоДокумента	TextDocumentField	Поле текстового документа	ПолеФлажка	CheckBoxField	Поле флажка	ПолеФорматированногоДокумента	FormattedDocumentField	Поле форматированного документа
ПолеФормы	ПолеКартинки	Основные	ПутьКДанным	DataPath	Путь к данным	Строка																																																														
ПолеФормы	ПолеКартинки	Основные	ПоложениеЗаголовка	TitleLocation	Положение заголовка	ПоложениеЗаголовкаЭлементаФормы	Авто		Авто	Auto	Авто	Верх	Top	Верх	Лево	Left	Лево	Нет	None	Нет	Низ	Bottom	Низ	Право	Right	Право																																										
ПолеФормы	ПолеКартинки	Основные	Видимость	Visible	Видимость	Булево	Истина																																																													
ПолеФормы	ПолеКартинки	Основные	Доступность	Enabled	Доступность	Булево	Истина	Истина																																																												
ПолеФормы	ПолеКартинки	Основные	ТолькоПросмотр	ReadOnly	Только просмотр	Булево		Истина																																																												
ПолеФормы	ПолеКартинки	Основные	ПропускатьПриВводе	SkipOnInput	Пропускать при вводе	БулевоНеопределено																																																														
ПолеФормы	ПолеКартинки	Основные	АктивизироватьПоУмолчанию	DefaultItem	Активизировать по умолчанию	Булево																																																														
ПолеФормы	ПолеКартинки	Основные	ВажностьПриОтображении	DisplayImportance	Важность при отображении	ВажностьПриОтображении	Авто		Авто	Auto	Авто	Высокая	High	Высокая	Низкая	Low	Низкая	Обычная	Usual	Обычная	ОченьВысокая	VeryHigh	Очень высокая	ОченьНизкая	VeryLow	Очень низкая																																										
ПолеФормы	ПолеКартинки	Основные	ПоведениеПриНедоступностиОсновногоСервера	OnMainServerUnavalableBehavior	Поведение при недоступности основного сервера	ПоведениеПриНедоступностиОсновногоСервера	Авто		Авто	Auto	Авто	НеИзменятьПоведение	DontChangeBehavior	Не изменять поведение	ОтключитьДоступность	MakeDisable	Отключать доступность																																																			
ПолеФормы	ПолеКартинки	Основные	КартинкаЗначений	ValuesPicture	Картинка значений	Картинка																																																														
ПолеФормы	ПолеКартинки	Основные	Гиперссылка	Hyperlink	Гиперссылка	Булево		Истина																																																												
ПолеФормы	ПолеКартинки	Использование	ОтображениеПредупрежденияПриРедактировании	WarningOnEditRepresentation	Отображение предупреждения при редактировании	ОтображениеПредупрежденияПриРедактировании	Авто		Авто	Auto	Авто	НеОтображать	DontShow	Не отображать	Отображать	Show	Отображать																																																			
ПолеФормы	ПолеКартинки	Использование	ПредупреждениеПриРедактировании	WarningOnEdit	Предупреждение при редактировании	Строка																																																														
ПолеФормы	ПолеКартинки	Использование	СочетаниеКлавиш	Shortcut	Сочетание клавиш	Сочетание клавиш																																																														
ПолеФормы	ПолеКартинки	Использование	Масштабировать	Zoomable	Масштабировать	Булево																																																														
ПолеФормы	ПолеКартинки	Использование	ТекстНевыбраннойКартинки	NonselectedPictureText	Текст невыбранной картинки	Строка																																																														
ПолеФормы	ПолеКартинки	Использование	РазрешитьНачалоПеретаскивания	EnableStartDrag	Разрешить начало перетаскивания	Булево																																																														
ПолеФормы	ПолеКартинки	Использование	РазрешитьПеретаскивание	EnableDrag	Разрешить перетаскивание	Булево																																																														
ПолеФормы	ПолеКартинки	Использование	СпособПеретаскиванияФайлов	FileDragMode	Способ перетаскивания файлов	СпособПеретаскиванияФайлов			КакСсылкаНаФайл	AsFileRef	Как ссылка на файл	КакФайл	AsFile	Как файл																																																						
ПолеФормы	ПолеКартинки	Использование	Подсказка	ToolTip	Подсказка	Сочетание клавиш		Истина																																																												
ПолеФормы	ПолеКартинки	Использование	ОтображениеПодсказки	ToolTipRepresentation	Отображение подсказки	ОтображениеПодсказки	Авто	Истина	Авто	Auto	Авто	Всплывающая	Balloon	Всплывающая подсказка	Кнопка	Button	Кнопка	Нет	None	Нет	ОтображатьАвто	ShowAuto	Отображать авто	ОтображатьСверху	ShowTop	Отображать сверху	ОтображатьСлева	ShowLeft	Отображать слева	ОтображатьСнизу	ShowBottom	Отображать снизу	ОтображатьСправа	ShowRight	Отображать справа																																	
ПолеФормы	ПолеКартинки	Оформление	ЦветТекстаЗаголовка	TitleTextColor	Цвет текста заголовка	Цвет		Истина																																																												
ПолеФормы	ПолеКартинки	Оформление	ШрифтЗаголовка	TitleFont	Шрифт заголовка	Шрифт		Истина																																																												
ПолеФормы	ПолеКартинки	Оформление	РазмерКартинки	PictureSize	Размер картинки	РазмерКартинки			АвтоРазмер	AutoSize	Автоматический размер	АвтоРазмерБезУчетаМасштаба	AutoSizeIgnoreScale	Автоматический размер без учета масштаба	ПоРазмеруШрифта	ByFontSize	По размеру шрифта	Пропорционально	Proportionally	Пропорционально	Растянуть	Stretch	Растянуть	РеальныйРазмер	RealSize	Реальный размер	РеальныйРазмерБезУчетаМасштаба	RealSizeIgnoreScale	Реальный размер без учета масштаба	Черепица	Tile	Черепица																																				
ПолеФормы	ПолеКартинки	Оформление	ЦветТекста	TextColor	Цвет текста	Цвет		Истина																																																												
ПолеФормы	ПолеКартинки	Оформление	ЦветРамки	BorderColor	Цвет рамки	Цвет		Истина																																																												
ПолеФормы	ПолеКартинки	Оформление	Рамка	Border	Рамка	Рамка		Истина																																																												
ПолеФормы	ПолеКартинки	Оформление	Шрифт	Font	Шрифт	Шрифт		Истина																																																												
ПолеФормы	ПолеКартинки	Расположение	ГоризонтальноеПоложениеВГруппе	HorizontalAlignInGroup	Горизонтальное положение в группе	ГоризонтальноеПоложениеЭлемента	Авто	Истина	Авто	Auto	Авто	Лево	Left	Лево	Право	Right	Право	Центр	Center	Центр																																																
ПолеФормы	ПолеКартинки	Расположение	ВертикальноеПоложениеВГруппе	VerticalAlignInGroup	Вертикальное положение в группе	ВертикальноеПоложениеЭлемента	Авто	Истина	Авто	Auto	Авто	Верх	Top	Верх	Низ	Bottom	Низ	Центр	Center	Центр																																																
ПолеФормы	ПолеКартинки	Расположение	Ширина	Width	Ширина	Число		Истина																																																												
ПолеФормы	ПолеКартинки	Расположение	Высота	Height	Высота	Число		Истина																																																												
ПолеФормы	ПолеКартинки	Расположение	АвтоМаксимальнаяШирина	AutoMaxWidth	Авто максимальная ширина	Булево	Истина	Истина																																																												
ПолеФормы	ПолеКартинки	Расположение	АвтоМаксимальнаяВысота	AutoMaxHeight	Авто максимальная высота	Булево	Истина	Истина																																																												
ПолеФормы	ПолеКартинки	Расположение	РастягиватьПоГоризонтали	HorizontalStretch	Растягивать по горизонтали	БулевоНеопределено		Истина																																																												
ПолеФормы	ПолеКартинки	Расположение	РастягиватьПоВертикали	VerticalStretch	Растягивать по вертикали	БулевоНеопределено		Истина																																																												
ПолеФормы	ПолеКартинки	Расположение	ВысотаЗаголовка	TitleHeight	Высота заголовка	Число		Истина																																																												
ПолеФормы	ПолеНадписи	Основные	Заголовок	Title	Заголовок	Строка		Истина																																																												
ПолеФормы	ПолеНадписи	Основные	Вид	Type	Вид	ВидПоляФормы			ПолеHTMLДокумента	HTMLDocumentField	Поле HTML документа	ПолеPDFДокумента	PDFDocumentField	Поле PDF документа	ПолеВвода	InputField	Поле ввода	ПолеГеографическойСхемы	GeographicalSchemaField	Поле географической схемы	ПолеГрафическойСхемы	GraphicalSchemaField	Поле графической схемы	ПолеДендрограммы	DendrogramField	Поле дендрограммы	ПолеДиаграммы	ChartField	Поле диаграммы	ПолеДиаграммыГанта	GanttChartField	Поле диаграммы Ганта	ПолеИндикатора	ProgressBarField	Поле индикатора	ПолеКалендаря	CalendarField	Поле календаря	ПолеКартинки	PictureField	Поле картинки	ПолеНадписи	LabelField	Поле надписи	ПолеПереключателя	RadioButtonField	Поле переключателя	ПолеПериода	PeriodField	Поле периода	ПолеПланировщика	PlannerField	Поле данных планировщика	ПолеПолосыРегулирования	TrackBarField	Поле полосы регулирования	ПолеТабличногоДокумента	SpreadsheetDocumentField	Поле табличного документа	ПолеТекстовогоДокумента	TextDocumentField	Поле текстового документа	ПолеФлажка	CheckBoxField	Поле флажка	ПолеФорматированногоДокумента	FormattedDocumentField	Поле форматированного документа
ПолеФормы	ПолеНадписи	Основные	ПутьКДанным	DataPath	Путь к данным	Строка																																																														
ПолеФормы	ПолеНадписи	Основные	ПоложениеЗаголовка	TitleLocation	Положение заголовка	ПоложениеЗаголовкаЭлементаФормы	Авто		Авто	Auto	Авто	Верх	Top	Верх	Лево	Left	Лево	Нет	None	Нет	Низ	Bottom	Низ	Право	Right	Право																																										
ПолеФормы	ПолеНадписи	Основные	Видимость	Visible	Видимость	Булево	Истина																																																													
ПолеФормы	ПолеНадписи	Основные	Доступность	Enabled	Доступность	Булево	Истина	Истина																																																												
ПолеФормы	ПолеНадписи	Основные	ТолькоПросмотр	ReadOnly	Только просмотр	Булево		Истина																																																												
ПолеФормы	ПолеНадписи	Основные	ПропускатьПриВводе	SkipOnInput	Пропускать при вводе	БулевоНеопределено																																																														
ПолеФормы	ПолеНадписи	Основные	АктивизироватьПоУмолчанию	DefaultItem	Активизировать по умолчанию	Булево																																																														
ПолеФормы	ПолеНадписи	Основные	ВажностьПриОтображении	DisplayImportance	Важность при отображении	ВажностьПриОтображении	Авто		Авто	Auto	Авто	Высокая	High	Высокая	Низкая	Low	Низкая	Обычная	Usual	Обычная	ОченьВысокая	VeryHigh	Очень высокая	ОченьНизкая	VeryLow	Очень низкая																																										
ПолеФормы	ПолеНадписи	Основные	ПоведениеПриНедоступностиОсновногоСервера	OnMainServerUnavalableBehavior	Поведение при недоступности основного сервера	ПоведениеПриНедоступностиОсновногоСервера	Авто		Авто	Auto	Авто	НеИзменятьПоведение	DontChangeBehavior	Не изменять поведение	ОтключитьДоступность	MakeDisable	Отключать доступность																																																			
ПолеФормы	ПолеНадписи	Основные	Формат	Format	Формат	Булево		Истина																																																												
ПолеФормы	ПолеНадписи	Основные	Гиперссылка	Hyperlink	Гиперссылка	Булево		Истина																																																												
ПолеФормы	ПолеНадписи	Использование	ОтображениеПредупрежденияПриРедактировании	WarningOnEditRepresentation	Отображение предупреждения при редактировании	ОтображениеПредупрежденияПриРедактировании	Авто		Авто	Auto	Авто	НеОтображать	DontShow	Не отображать	Отображать	Show	Отображать																																																			
ПолеФормы	ПолеНадписи	Использование	ПредупреждениеПриРедактировании	WarningOnEdit	Предупреждение при редактировании	Строка																																																														
ПолеФормы	ПолеНадписи	Использование	СочетаниеКлавиш	Shortcut	Сочетание клавиш	Сочетание клавиш																																																														
ПолеФормы	ПолеНадписи	Использование	ВыделятьОтрицательные	MarkNegatives	Выделять отрицательные	БулевоНеопределено																																																														
ПолеФормы	ПолеНадписи	Использование	ВыделятьОтрицательные	MarkNegatives	Выделять отрицательные	БулевоНеопределено																																																														
ПолеФормы	ПолеНадписи	Использование	Подсказка	ToolTip	Подсказка	Сочетание клавиш		Истина																																																												
ПолеФормы	ПолеНадписи	Использование	ОтображениеПодсказки	ToolTipRepresentation	Отображение подсказки	ОтображениеПодсказки	Авто	Истина	Авто	Auto	Авто	Всплывающая	Balloon	Всплывающая подсказка	Кнопка	Button	Кнопка	Нет	None	Нет	ОтображатьАвто	ShowAuto	Отображать авто	ОтображатьСверху	ShowTop	Отображать сверху	ОтображатьСлева	ShowLeft	Отображать слева	ОтображатьСнизу	ShowBottom	Отображать снизу	ОтображатьСправа	ShowRight	Отображать справа																																	
ПолеФормы	ПолеНадписи	Оформление	ЦветТекстаЗаголовка	TitleTextColor	Цвет текста заголовка	Цвет		Истина																																																												
ПолеФормы	ПолеНадписи	Оформление	ШрифтЗаголовка	TitleFont	Шрифт заголовка	Шрифт		Истина																																																												
ПолеФормы	ПолеНадписи	Оформление	ЦветФона	BackColor	Цвет фона	Цвет		Истина																																																												
ПолеФормы	ПолеНадписи	Оформление	ЦветТекста	TextColor	Цвет текста	Цвет		Истина																																																												
ПолеФормы	ПолеНадписи	Оформление	ЦветРамки	BorderColor	Цвет рамки	Цвет		Истина																																																												
ПолеФормы	ПолеНадписи	Оформление	Рамка	Border	Рамка	Рамка		Истина																																																												
ПолеФормы	ПолеНадписи	Оформление	Шрифт	Font	Шрифт	Шрифт		Истина																																																												
ПолеФормы	ПолеНадписи	Расположение	ГоризонтальноеПоложениеВГруппе	HorizontalAlignInGroup	Горизонтальное положение в группе	ГоризонтальноеПоложениеЭлемента	Авто	Истина	Авто	Auto	Авто	Лево	Left	Лево	Право	Right	Право	Центр	Center	Центр																																																
ПолеФормы	ПолеНадписи	Расположение	ВертикальноеПоложениеВГруппе	VerticalAlignInGroup	Вертикальное положение в группе	ВертикальноеПоложениеЭлемента	Авто	Истина	Авто	Auto	Авто	Верх	Top	Верх	Низ	Bottom	Низ	Центр	Center	Центр																																																
ПолеФормы	ПолеНадписи	Расположение	ГоризонтальноеПоложение	HorizontalAlign	Горизонтальное положение	ГоризонтальноеПоложениеЭлемента	Авто	Истина	Авто	Auto	Авто	Лево	Left	Лево	Право	Right	Право	Центр	Center	Центр																																																
ПолеФормы	ПолеНадписи	Расположение	ВертикальноеПоложение	VerticalAlign	Вертикальное положение	ВертикальноеПоложениеЭлемента	Авто		Авто	Auto	Авто	Верх	Top	Верх	Низ	Bottom	Низ	Центр	Center	Центр																																																
ПолеФормы	ПолеНадписи	Расположение	Ширина	Width	Ширина	Число		Истина																																																												
ПолеФормы	ПолеНадписи	Расположение	Высота	Height	Высота	Число		Истина																																																												
ПолеФормы	ПолеНадписи	Расположение	АвтоМаксимальнаяШирина	AutoMaxWidth	Авто максимальная ширина	Булево	Истина	Истина																																																												
ПолеФормы	ПолеНадписи	Расположение	АвтоМаксимальнаяВысота	AutoMaxHeight	Авто максимальная высота	Булево	Истина	Истина																																																												
ПолеФормы	ПолеНадписи	Расположение	РастягиватьПоГоризонтали	HorizontalStretch	Растягивать по горизонтали	БулевоНеопределено		Истина																																																												
ПолеФормы	ПолеНадписи	Расположение	РастягиватьПоВертикали	VerticalStretch	Растягивать по вертикали	БулевоНеопределено		Истина																																																												
ПолеФормы	ПолеНадписи	Расположение	ВысотаЗаголовка	TitleHeight	Высота заголовка	Число		Истина																																																												
ПолеФормы	ПолеПереключателя	Основные	Заголовок	Title	Заголовок	Строка		Истина																																																												
ПолеФормы	ПолеПереключателя	Основные	Вид	Type	Вид	ВидПоляФормы			ПолеHTMLДокумента	HTMLDocumentField	Поле HTML документа	ПолеPDFДокумента	PDFDocumentField	Поле PDF документа	ПолеВвода	InputField	Поле ввода	ПолеГеографическойСхемы	GeographicalSchemaField	Поле географической схемы	ПолеГрафическойСхемы	GraphicalSchemaField	Поле графической схемы	ПолеДендрограммы	DendrogramField	Поле дендрограммы	ПолеДиаграммы	ChartField	Поле диаграммы	ПолеДиаграммыГанта	GanttChartField	Поле диаграммы Ганта	ПолеИндикатора	ProgressBarField	Поле индикатора	ПолеКалендаря	CalendarField	Поле календаря	ПолеКартинки	PictureField	Поле картинки	ПолеНадписи	LabelField	Поле надписи	ПолеПереключателя	RadioButtonField	Поле переключателя	ПолеПериода	PeriodField	Поле периода	ПолеПланировщика	PlannerField	Поле данных планировщика	ПолеПолосыРегулирования	TrackBarField	Поле полосы регулирования	ПолеТабличногоДокумента	SpreadsheetDocumentField	Поле табличного документа	ПолеТекстовогоДокумента	TextDocumentField	Поле текстового документа	ПолеФлажка	CheckBoxField	Поле флажка	ПолеФорматированногоДокумента	FormattedDocumentField	Поле форматированного документа
ПолеФормы	ПолеПереключателя	Основные	ПутьКДанным	DataPath	Путь к данным	Строка																																																														
ПолеФормы	ПолеПереключателя	Основные	ПоложениеЗаголовка	TitleLocation	Положение заголовка	ПоложениеЗаголовкаЭлементаФормы	Авто	Истина	Авто	Auto	Авто	Верх	Top	Верх	Лево	Left	Лево	Нет	None	Нет	Низ	Bottom	Низ	Право	Right	Право																																										
ПолеФормы	ПолеПереключателя	Основные	Видимость	Visible	Видимость	Булево	Истина																																																													
ПолеФормы	ПолеПереключателя	Основные	Доступность	Enabled	Доступность	Булево	Истина	Истина																																																												
ПолеФормы	ПолеПереключателя	Основные	ТолькоПросмотр	ReadOnly	Только просмотр	Булево		Истина																																																												
ПолеФормы	ПолеПереключателя	Основные	ПропускатьПриВводе	SkipOnInput	Пропускать при вводе	БулевоНеопределено																																																														
ПолеФормы	ПолеПереключателя	Основные	АктивизироватьПоУмолчанию	DefaultItem	Активизировать по умолчанию	Булево																																																														
ПолеФормы	ПолеПереключателя	Основные	ВажностьПриОтображении	DisplayImportance	Важность при отображении	ВажностьПриОтображении	Авто		Авто	Auto	Авто	Высокая	High	Высокая	Низкая	Low	Низкая	Обычная	Usual	Обычная	ОченьВысокая	VeryHigh	Очень высокая	ОченьНизкая	VeryLow	Очень низкая																																										
ПолеФормы	ПолеПереключателя	Основные	ПоведениеПриНедоступностиОсновногоСервера	OnMainServerUnavalableBehavior	Поведение при недоступности основного сервера	ПоведениеПриНедоступностиОсновногоСервера	Авто		Авто	Auto	Авто	НеИзменятьПоведение	DontChangeBehavior	Не изменять поведение	ОтключитьДоступность	MakeDisable	Отключать доступность																																																			
ПолеФормы	ПолеПереключателя	Основные	ВидПереключателя	RadioButtonType	Вид переключателя	ВидПереключателя	Авто	Истина	Авто	Auto	Авто	Переключатель	RadioButton	Переключатель	Тумблер	Tumbler	Тумблер																																																			
ПолеФормы	ПолеПереключателя	Использование	ОтображениеПредупрежденияПриРедактировании	WarningOnEditRepresentation	Отображение предупреждения при редактировании	ОтображениеПредупрежденияПриРедактировании	Авто		Авто	Auto	Авто	НеОтображать	DontShow	Не отображать	Отображать	Show	Отображать																																																			
ПолеФормы	ПолеПереключателя	Использование	ПредупреждениеПриРедактировании	WarningOnEdit	Предупреждение при редактировании	Строка																																																														
ПолеФормы	ПолеПереключателя	Использование	СочетаниеКлавиш	Shortcut	Сочетание клавиш	Сочетание клавиш																																																														
ПолеФормы	ПолеПереключателя	Использование	Подсказка	ToolTip	Подсказка	Сочетание клавиш		Истина																																																												
ПолеФормы	ПолеПереключателя	Использование	СписокВыбора	ChoiceList	Список выбора	СписокЗначений		Истина																																																												
ПолеФормы	ПолеПереключателя	Использование	ОтображениеПодсказки	ToolTipRepresentation	Отображение подсказки	ОтображениеПодсказки	Авто	Истина	Авто	Auto	Авто	Всплывающая	Balloon	Всплывающая подсказка	Кнопка	Button	Кнопка	Нет	None	Нет	ОтображатьАвто	ShowAuto	Отображать авто	ОтображатьСверху	ShowTop	Отображать сверху	ОтображатьСлева	ShowLeft	Отображать слева	ОтображатьСнизу	ShowBottom	Отображать снизу	ОтображатьСправа	ShowRight	Отображать справа																																	
ПолеФормы	ПолеПереключателя	Оформление	ЦветТекстаЗаголовка	TitleTextColor	Цвет текста заголовка	Цвет		Истина																																																												
ПолеФормы	ПолеПереключателя	Оформление	ШрифтЗаголовка	TitleFont	Шрифт заголовка	Шрифт		Истина																																																												
ПолеФормы	ПолеПереключателя	Оформление	ЦветТекста	TextColor	Цвет текста	Цвет		Истина																																																												
ПолеФормы	ПолеПереключателя	Оформление	ЦветРамки	BorderColor	Цвет рамки	Цвет		Истина																																																												
ПолеФормы	ПолеПереключателя	Оформление	Шрифт	Font	Шрифт	Шрифт		Истина																																																												
ПолеФормы	ПолеПереключателя	Расположение	ГоризонтальноеПоложениеВГруппе	HorizontalAlignInGroup	Горизонтальное положение в группе	ГоризонтальноеПоложениеЭлемента	Авто	Истина	Авто	Auto	Авто	Лево	Left	Лево	Право	Right	Право	Центр	Center	Центр																																																
ПолеФормы	ПолеПереключателя	Расположение	ВертикальноеПоложениеВГруппе	VerticalAlignInGroup	Вертикальное положение в группе	ВертикальноеПоложениеЭлемента	Авто	Истина	Авто	Auto	Авто	Верх	Top	Верх	Низ	Bottom	Низ	Центр	Center	Центр																																																
ПолеФормы	ПолеПереключателя	Расположение	ВертикальноеПоложение	VerticalAlign	Вертикальное положение	ВертикальноеПоложениеЭлемента	Авто	Истина	Авто	Auto	Авто	Верх	Top	Верх	Низ	Bottom	Низ	Центр	Center	Центр																																																
ПолеФормы	ПолеПереключателя	Расположение	КоличествоКолонок	ColumnsCount	Количество колонок	Число																																																														
ПолеФормы	ПолеПереключателя	Расположение	ВысотаЗаголовка	TitleHeight	Высота заголовка	Число																																																														
ПолеФормы	ПолеПереключателя	Расположение	ВысотаЗаголовкаЭлемента	ItemTitleHeight	Высота заголовка элемента	Число																																																														
ПолеФормы	ПолеПериода	Основные	Заголовок	Title	Заголовок	Строка		Истина																																																												
ПолеФормы	ПолеПериода	Основные	Вид	Type	Вид	ВидПоляФормы			ПолеHTMLДокумента	HTMLDocumentField	Поле HTML документа	ПолеPDFДокумента	PDFDocumentField	Поле PDF документа	ПолеВвода	InputField	Поле ввода	ПолеГеографическойСхемы	GeographicalSchemaField	Поле географической схемы	ПолеГрафическойСхемы	GraphicalSchemaField	Поле графической схемы	ПолеДендрограммы	DendrogramField	Поле дендрограммы	ПолеДиаграммы	ChartField	Поле диаграммы	ПолеДиаграммыГанта	GanttChartField	Поле диаграммы Ганта	ПолеИндикатора	ProgressBarField	Поле индикатора	ПолеКалендаря	CalendarField	Поле календаря	ПолеКартинки	PictureField	Поле картинки	ПолеНадписи	LabelField	Поле надписи	ПолеПереключателя	RadioButtonField	Поле переключателя	ПолеПериода	PeriodField	Поле периода	ПолеПланировщика	PlannerField	Поле данных планировщика	ПолеПолосыРегулирования	TrackBarField	Поле полосы регулирования	ПолеТабличногоДокумента	SpreadsheetDocumentField	Поле табличного документа	ПолеТекстовогоДокумента	TextDocumentField	Поле текстового документа	ПолеФлажка	CheckBoxField	Поле флажка	ПолеФорматированногоДокумента	FormattedDocumentField	Поле форматированного документа
ПолеФормы	ПолеПериода	Основные	ПутьКДанным	DataPath	Путь к данным	Строка																																																														
ПолеФормы	ПолеПериода	Основные	ПоложениеЗаголовка	TitleLocation	Положение заголовка	ПоложениеЗаголовкаЭлементаФормы	Авто		Авто	Auto	Авто	Верх	Top	Верх	Лево	Left	Лево	Нет	None	Нет	Низ	Bottom	Низ	Право	Right	Право																																										
ПолеФормы	ПолеПериода	Основные	Видимость	Visible	Видимость	Булево	Истина																																																													
ПолеФормы	ПолеПериода	Основные	Доступность	Enabled	Доступность	Булево	Истина	Истина																																																												
ПолеФормы	ПолеПериода	Основные	ТолькоПросмотр	ReadOnly	Только просмотр	Булево		Истина																																																												
ПолеФормы	ПолеПериода	Основные	ПропускатьПриВводе	SkipOnInput	Пропускать при вводе	БулевоНеопределено																																																														
ПолеФормы	ПолеПериода	Основные	АктивизироватьПоУмолчанию	DefaultItem	Активизировать по умолчанию	Булево																																																														
ПолеФормы	ПолеПериода	Основные	ВажностьПриОтображении	DisplayImportance	Важность при отображении	ВажностьПриОтображении	Авто		Авто	Auto	Авто	Высокая	High	Высокая	Низкая	Low	Низкая	Обычная	Usual	Обычная	ОченьВысокая	VeryHigh	Очень высокая	ОченьНизкая	VeryLow	Очень низкая																																										
ПолеФормы	ПолеПериода	Основные	ПоведениеПриНедоступностиОсновногоСервера	OnMainServerUnavalableBehavior	Поведение при недоступности основного сервера	ПоведениеПриНедоступностиОсновногоСервера	Авто		Авто	Auto	Авто	НеИзменятьПоведение	DontChangeBehavior	Не изменять поведение	ОтключитьДоступность	MakeDisable	Отключать доступность																																																			
ПолеФормы	ПолеПериода	Использование	ОтображениеПредупрежденияПриРедактировании	WarningOnEditRepresentation	Отображение предупреждения при редактировании	ОтображениеПредупрежденияПриРедактировании	Авто		Авто	Auto	Авто	НеОтображать	DontShow	Не отображать	Отображать	Show	Отображать																																																			
ПолеФормы	ПолеПериода	Использование	ПредупреждениеПриРедактировании	WarningOnEdit	Предупреждение при редактировании	Строка																																																														
ПолеФормы	ПолеПериода	Использование	СочетаниеКлавиш	Shortcut	Сочетание клавиш	Сочетание клавиш																																																														
ПолеФормы	ПолеПериода	Использование	Подсказка	ToolTip	Подсказка	Сочетание клавиш		Истина																																																												
ПолеФормы	ПолеПериода	Использование	ОтображениеПодсказки	ToolTipRepresentation	Отображение подсказки	ОтображениеПодсказки	Авто	Истина	Авто	Auto	Авто	Всплывающая	Balloon	Всплывающая подсказка	Кнопка	Button	Кнопка	Нет	None	Нет	ОтображатьАвто	ShowAuto	Отображать авто	ОтображатьСверху	ShowTop	Отображать сверху	ОтображатьСлева	ShowLeft	Отображать слева	ОтображатьСнизу	ShowBottom	Отображать снизу	ОтображатьСправа	ShowRight	Отображать справа																																	
ПолеФормы	ПолеПериода	Оформление	ЦветТекстаЗаголовка	TitleTextColor	Цвет текста заголовка	Цвет		Истина																																																												
ПолеФормы	ПолеПериода	Оформление	ШрифтЗаголовка	TitleFont	Шрифт заголовка	Шрифт		Истина																																																												
ПолеФормы	ПолеПериода	Оформление	ЦветРамки	BorderColor	Цвет рамки	Цвет		Истина																																																												
ПолеФормы	ПолеПериода	Оформление	Рамка	Border	Рамка	Рамка		Истина																																																												
ПолеФормы	ПолеПериода	Оформление	Шрифт	Font	Шрифт	Шрифт		Истина																																																												
ПолеФормы	ПолеПериода	Расположение	ГоризонтальноеПоложениеВГруппе	HorizontalAlignInGroup	Горизонтальное положение в группе	ГоризонтальноеПоложениеЭлемента	Авто	Истина	Авто	Auto	Авто	Лево	Left	Лево	Право	Right	Право	Центр	Center	Центр																																																
ПолеФормы	ПолеПериода	Расположение	ВертикальноеПоложениеВГруппе	VerticalAlignInGroup	Вертикальное положение в группе	ВертикальноеПоложениеЭлемента	Авто	Истина	Авто	Auto	Авто	Верх	Top	Верх	Низ	Bottom	Низ	Центр	Center	Центр																																																
ПолеФормы	ПолеПериода	Расположение	АвтоМаксимальнаяШирина	AutoMaxWidth	Авто максимальная ширина	Булево	Истина	Истина																																																												
ПолеФормы	ПолеПериода	Расположение	АвтоМаксимальнаяВысота	AutoMaxHeight	Авто максимальная высота	Булево	Истина	Истина																																																												
ПолеФормы	ПолеПериода	Расположение	РастягиватьПоГоризонтали	HorizontalStretch	Растягивать по горизонтали	БулевоНеопределено		Истина																																																												
ПолеФормы	ПолеПериода	Расположение	РастягиватьПоВертикали	VerticalStretch	Растягивать по вертикали	БулевоНеопределено		Истина																																																												
ПолеФормы	ПолеПериода	Расположение	ВысотаЗаголовка	TitleHeight	Высота заголовка	Число		Истина																																																												
ПолеФормы	ПолеПланировщика	Основные	Заголовок	Title	Заголовок	Строка		Истина																																																												
ПолеФормы	ПолеПланировщика	Основные	Вид	Type	Вид	ВидПоляФормы			ПолеHTMLДокумента	HTMLDocumentField	Поле HTML документа	ПолеPDFДокумента	PDFDocumentField	Поле PDF документа	ПолеВвода	InputField	Поле ввода	ПолеГеографическойСхемы	GeographicalSchemaField	Поле географической схемы	ПолеГрафическойСхемы	GraphicalSchemaField	Поле графической схемы	ПолеДендрограммы	DendrogramField	Поле дендрограммы	ПолеДиаграммы	ChartField	Поле диаграммы	ПолеДиаграммыГанта	GanttChartField	Поле диаграммы Ганта	ПолеИндикатора	ProgressBarField	Поле индикатора	ПолеКалендаря	CalendarField	Поле календаря	ПолеКартинки	PictureField	Поле картинки	ПолеНадписи	LabelField	Поле надписи	ПолеПереключателя	RadioButtonField	Поле переключателя	ПолеПериода	PeriodField	Поле периода	ПолеПланировщика	PlannerField	Поле данных планировщика	ПолеПолосыРегулирования	TrackBarField	Поле полосы регулирования	ПолеТабличногоДокумента	SpreadsheetDocumentField	Поле табличного документа	ПолеТекстовогоДокумента	TextDocumentField	Поле текстового документа	ПолеФлажка	CheckBoxField	Поле флажка	ПолеФорматированногоДокумента	FormattedDocumentField	Поле форматированного документа
ПолеФормы	ПолеПланировщика	Основные	ПутьКДанным	DataPath	Путь к данным	Строка																																																														
ПолеФормы	ПолеПланировщика	Основные	ПоложениеЗаголовка	TitleLocation	Положение заголовка	ПоложениеЗаголовкаЭлементаФормы	Авто		Авто	Auto	Авто	Верх	Top	Верх	Лево	Left	Лево	Нет	None	Нет	Низ	Bottom	Низ	Право	Right	Право																																										
ПолеФормы	ПолеПланировщика	Основные	Видимость	Visible	Видимость	Булево	Истина																																																													
ПолеФормы	ПолеПланировщика	Основные	Доступность	Enabled	Доступность	Булево	Истина	Истина																																																												
ПолеФормы	ПолеПланировщика	Основные	ТолькоПросмотр	ReadOnly	Только просмотр	Булево		Истина																																																												
ПолеФормы	ПолеПланировщика	Основные	ПропускатьПриВводе	SkipOnInput	Пропускать при вводе	БулевоНеопределено																																																														
ПолеФормы	ПолеПланировщика	Основные	АктивизироватьПоУмолчанию	DefaultItem	Активизировать по умолчанию	Булево																																																														
ПолеФормы	ПолеПланировщика	Основные	ВажностьПриОтображении	DisplayImportance	Важность при отображении	ВажностьПриОтображении	Авто		Авто	Auto	Авто	Высокая	High	Высокая	Низкая	Low	Низкая	Обычная	Usual	Обычная	ОченьВысокая	VeryHigh	Очень высокая	ОченьНизкая	VeryLow	Очень низкая																																										
ПолеФормы	ПолеПланировщика	Основные	ПоведениеПриНедоступностиОсновногоСервера	OnMainServerUnavalableBehavior	Поведение при недоступности основного сервера	ПоведениеПриНедоступностиОсновногоСервера	Авто		Авто	Auto	Авто	НеИзменятьПоведение	DontChangeBehavior	Не изменять поведение	ОтключитьДоступность	MakeDisable	Отключать доступность																																																			
ПолеФормы	ПолеПланировщика	Использование	ОтображениеПредупрежденияПриРедактировании	WarningOnEditRepresentation	Отображение предупреждения при редактировании	ОтображениеПредупрежденияПриРедактировании	Авто		Авто	Auto	Авто	НеОтображать	DontShow	Не отображать	Отображать	Show	Отображать																																																			
ПолеФормы	ПолеПланировщика	Использование	ПредупреждениеПриРедактировании	WarningOnEdit	Предупреждение при редактировании	Строка																																																														
ПолеФормы	ПолеПланировщика	Использование	СочетаниеКлавиш	Shortcut	Сочетание клавиш	Сочетание клавиш																																																														
ПолеФормы	ПолеПланировщика	Использование	РазрешитьНачалоПеретаскивания	EnableStartDrag	Разрешить начало перетаскивания	Булево																																																														
ПолеФормы	ПолеПланировщика	Использование	РазрешитьПеретаскивание	EnableDrag	Разрешить перетаскивание	Булево																																																														
ПолеФормы	ПолеПланировщика	Использование	Подсказка	ToolTip	Подсказка	Сочетание клавиш		Истина																																																												
ПолеФормы	ПолеПланировщика	Использование	ОтображениеПодсказки	ToolTipRepresentation	Отображение подсказки	ОтображениеПодсказки	Авто	Истина	Авто	Auto	Авто	Всплывающая	Balloon	Всплывающая подсказка	Кнопка	Button	Кнопка	Нет	None	Нет	ОтображатьАвто	ShowAuto	Отображать авто	ОтображатьСверху	ShowTop	Отображать сверху	ОтображатьСлева	ShowLeft	Отображать слева	ОтображатьСнизу	ShowBottom	Отображать снизу	ОтображатьСправа	ShowRight	Отображать справа																																	
ПолеФормы	ПолеПланировщика	Оформление	ЦветТекстаЗаголовка	TitleTextColor	Цвет текста заголовка	Цвет		Истина																																																												
ПолеФормы	ПолеПланировщика	Оформление	ШрифтЗаголовка	TitleFont	Шрифт заголовка	Шрифт		Истина																																																												
ПолеФормы	ПолеПланировщика	Расположение	ГоризонтальноеПоложениеВГруппе	HorizontalAlignInGroup	Горизонтальное положение в группе	ГоризонтальноеПоложениеЭлемента	Авто	Истина	Авто	Auto	Авто	Лево	Left	Лево	Право	Right	Право	Центр	Center	Центр																																																
ПолеФормы	ПолеПланировщика	Расположение	ВертикальноеПоложениеВГруппе	VerticalAlignInGroup	Вертикальное положение в группе	ВертикальноеПоложениеЭлемента	Авто	Истина	Авто	Auto	Авто	Верх	Top	Верх	Низ	Bottom	Низ	Центр	Center	Центр																																																
ПолеФормы	ПолеПланировщика	Расположение	Ширина	Width	Ширина	Число		Истина																																																												
ПолеФормы	ПолеПланировщика	Расположение	Высота	Height	Высота	Число		Истина																																																												
ПолеФормы	ПолеПланировщика	Расположение	АвтоМаксимальнаяШирина	AutoMaxWidth	Авто максимальная ширина	Булево	Истина	Истина																																																												
ПолеФормы	ПолеПланировщика	Расположение	АвтоМаксимальнаяВысота	AutoMaxHeight	Авто максимальная высота	Булево	Истина	Истина																																																												
ПолеФормы	ПолеПланировщика	Расположение	ГиперссылкаЭлементаШкалыВремени	TimeScaleItemHyperlink	Гиперссылка элемента шкалы времени	Булево																																																														
ПолеФормы	ПолеПланировщика	Расположение	ГиперссылкаЭлементаИзмерения	DimensionItemHyperlink	Гиперссылка элемента измерения	Булево																																																														
ПолеФормы	ПолеПланировщика	Расположение	ГиперссылкаПеренесенногоЗаголовкаШкалыВремени	WrappedTimeScaleHeaderHyperlink	Гиперссылка перенесенного заголовка шкалы времени	Булево																																																														
ПолеФормы	ПолеПланировщика	Расположение	РастягиватьПоГоризонтали	HorizontalStretch	Растягивать по горизонтали	БулевоНеопределено		Истина																																																												
ПолеФормы	ПолеПланировщика	Расположение	РастягиватьПоВертикали	VerticalStretch	Растягивать по вертикали	БулевоНеопределено		Истина																																																												
ПолеФормы	ПолеПланировщика	Расположение	ВысотаЗаголовка	TitleHeight	Высота заголовка	Число		Истина																																																												
ПолеФормы	ПолеПолосыРегулирования	Основные	Заголовок	Title	Заголовок	Строка		Истина																																																												
ПолеФормы	ПолеПолосыРегулирования	Основные	Вид	Type	Вид	ВидПоляФормы			ПолеHTMLДокумента	HTMLDocumentField	Поле HTML документа	ПолеPDFДокумента	PDFDocumentField	Поле PDF документа	ПолеВвода	InputField	Поле ввода	ПолеГеографическойСхемы	GeographicalSchemaField	Поле географической схемы	ПолеГрафическойСхемы	GraphicalSchemaField	Поле графической схемы	ПолеДендрограммы	DendrogramField	Поле дендрограммы	ПолеДиаграммы	ChartField	Поле диаграммы	ПолеДиаграммыГанта	GanttChartField	Поле диаграммы Ганта	ПолеИндикатора	ProgressBarField	Поле индикатора	ПолеКалендаря	CalendarField	Поле календаря	ПолеКартинки	PictureField	Поле картинки	ПолеНадписи	LabelField	Поле надписи	ПолеПереключателя	RadioButtonField	Поле переключателя	ПолеПериода	PeriodField	Поле периода	ПолеПланировщика	PlannerField	Поле данных планировщика	ПолеПолосыРегулирования	TrackBarField	Поле полосы регулирования	ПолеТабличногоДокумента	SpreadsheetDocumentField	Поле табличного документа	ПолеТекстовогоДокумента	TextDocumentField	Поле текстового документа	ПолеФлажка	CheckBoxField	Поле флажка	ПолеФорматированногоДокумента	FormattedDocumentField	Поле форматированного документа
ПолеФормы	ПолеПолосыРегулирования	Основные	ПутьКДанным	DataPath	Путь к данным	Строка																																																														
ПолеФормы	ПолеПолосыРегулирования	Основные	ПоложениеЗаголовка	TitleLocation	Положение заголовка	ПоложениеЗаголовкаЭлементаФормы	Авто		Авто	Auto	Авто	Верх	Top	Верх	Лево	Left	Лево	Нет	None	Нет	Низ	Bottom	Низ	Право	Right	Право																																										
ПолеФормы	ПолеПолосыРегулирования	Основные	Видимость	Visible	Видимость	Булево	Истина																																																													
ПолеФормы	ПолеПолосыРегулирования	Основные	Доступность	Enabled	Доступность	Булево	Истина	Истина																																																												
ПолеФормы	ПолеПолосыРегулирования	Основные	ТолькоПросмотр	ReadOnly	Только просмотр	Булево		Истина																																																												
ПолеФормы	ПолеПолосыРегулирования	Основные	ПропускатьПриВводе	SkipOnInput	Пропускать при вводе	БулевоНеопределено																																																														
ПолеФормы	ПолеПолосыРегулирования	Основные	АктивизироватьПоУмолчанию	DefaultItem	Активизировать по умолчанию	Булево																																																														
ПолеФормы	ПолеПолосыРегулирования	Основные	ВажностьПриОтображении	DisplayImportance	Важность при отображении	ВажностьПриОтображении	Авто		Авто	Auto	Авто	Высокая	High	Высокая	Низкая	Low	Низкая	Обычная	Usual	Обычная	ОченьВысокая	VeryHigh	Очень высокая	ОченьНизкая	VeryLow	Очень низкая																																										
ПолеФормы	ПолеПолосыРегулирования	Основные	ПоведениеПриНедоступностиОсновногоСервера	OnMainServerUnavalableBehavior	Поведение при недоступности основного сервера	ПоведениеПриНедоступностиОсновногоСервера	Авто		Авто	Auto	Авто	НеИзменятьПоведение	DontChangeBehavior	Не изменять поведение	ОтключитьДоступность	MakeDisable	Отключать доступность																																																			
ПолеФормы	ПолеПолосыРегулирования	Данные	МинимальноеЗначение	MinValue	Минимальное значение	Число																																																														
ПолеФормы	ПолеПолосыРегулирования	Данные	МаксимальноеЗначение	MaxValue	Максимальное значение	Число																																																														
ПолеФормы	ПолеПолосыРегулирования	Использование	ОтображениеПредупрежденияПриРедактировании	WarningOnEditRepresentation	Отображение предупреждения при редактировании	ОтображениеПредупрежденияПриРедактировании	Авто		Авто	Auto	Авто	НеОтображать	DontShow	Не отображать	Отображать	Show	Отображать																																																			
ПолеФормы	ПолеПолосыРегулирования	Использование	ПредупреждениеПриРедактировании	WarningOnEdit	Предупреждение при редактировании	Строка																																																														
ПолеФормы	ПолеПолосыРегулирования	Использование	СочетаниеКлавиш	Shortcut	Сочетание клавиш	Сочетание клавиш																																																														
ПолеФормы	ПолеПолосыРегулирования	Использование	Ориентация	Orientation	Ориентация	ОриентацияЭлементаФормы			Вертикально	Vertical	Вертикально	Горизонтально	Horizontal	Горизонтально																																																						
ПолеФормы	ПолеПолосыРегулирования	Использование	ОтображениеРазметки	MarkingAppearance	Отображение разметки	ОтображениеРазметкиПолосыРегулирования			НеОтображать	DontShow	Не отображать	СверхуИлиСлева	TopLeft	Сверху или слева	СнизуИлиСправа	BottomRight	Снизу или справа	СОбоихСторон	BothSides	С обеих сторон																																																
ПолеФормы	ПолеПолосыРегулирования	Использование	ШагРазметки	MarkingStep	Шаг разметки	Число																																																														
ПолеФормы	ПолеПолосыРегулирования	Использование	Подсказка	ToolTip	Подсказка	Сочетание клавиш		Истина																																																												
ПолеФормы	ПолеПолосыРегулирования	Использование	ОтображениеПодсказки	ToolTipRepresentation	Отображение подсказки	ОтображениеПодсказки	Авто	Истина	Авто	Auto	Авто	Всплывающая	Balloon	Всплывающая подсказка	Кнопка	Button	Кнопка	Нет	None	Нет	ОтображатьАвто	ShowAuto	Отображать авто	ОтображатьСверху	ShowTop	Отображать сверху	ОтображатьСлева	ShowLeft	Отображать слева	ОтображатьСнизу	ShowBottom	Отображать снизу	ОтображатьСправа	ShowRight	Отображать справа																																	
ПолеФормы	ПолеПолосыРегулирования	Оформление	ЦветТекстаЗаголовка	TitleTextColor	Цвет текста заголовка	Цвет		Истина																																																												
ПолеФормы	ПолеПолосыРегулирования	Оформление	ШрифтЗаголовка	TitleFont	Шрифт заголовка	Шрифт		Истина																																																												
ПолеФормы	ПолеПолосыРегулирования	Расположение	ГоризонтальноеПоложениеВГруппе	HorizontalAlignInGroup	Горизонтальное положение в группе	ГоризонтальноеПоложениеЭлемента	Авто	Истина	Авто	Auto	Авто	Лево	Left	Лево	Право	Right	Право	Центр	Center	Центр																																																
ПолеФормы	ПолеПолосыРегулирования	Расположение	ВертикальноеПоложениеВГруппе	VerticalAlignInGroup	Вертикальное положение в группе	ВертикальноеПоложениеЭлемента	Авто	Истина	Авто	Auto	Авто	Верх	Top	Верх	Низ	Bottom	Низ	Центр	Center	Центр																																																
ПолеФормы	ПолеПолосыРегулирования	Расположение	Ширина	Width	Ширина	Число		Истина																																																												
ПолеФормы	ПолеПолосыРегулирования	Расположение	Высота	Height	Высота	Число		Истина																																																												
ПолеФормы	ПолеПолосыРегулирования	Расположение	АвтоМаксимальнаяШирина	AutoMaxWidth	Авто максимальная ширина	Булево	Истина	Истина																																																												
ПолеФормы	ПолеПолосыРегулирования	Расположение	АвтоМаксимальнаяВысота	AutoMaxHeight	Авто максимальная высота	Булево	Истина	Истина																																																												
ПолеФормы	ПолеПолосыРегулирования	Расположение	РастягиватьПоГоризонтали	HorizontalStretch	Растягивать по горизонтали	БулевоНеопределено		Истина																																																												
ПолеФормы	ПолеПолосыРегулирования	Расположение	РастягиватьПоВертикали	VerticalStretch	Растягивать по вертикали	БулевоНеопределено		Истина																																																												
ПолеФормы	ПолеПолосыРегулирования	Расположение	ВысотаЗаголовка	TitleHeight	Высота заголовка	Число		Истина																																																												
ПолеФормы	ПолеТабличногоДокумента	Основные	Заголовок	Title	Заголовок	Строка		Истина																																																												
ПолеФормы	ПолеТабличногоДокумента	Основные	Вид	Type	Вид	ВидПоляФормы			ПолеHTMLДокумента	HTMLDocumentField	Поле HTML документа	ПолеPDFДокумента	PDFDocumentField	Поле PDF документа	ПолеВвода	InputField	Поле ввода	ПолеГеографическойСхемы	GeographicalSchemaField	Поле географической схемы	ПолеГрафическойСхемы	GraphicalSchemaField	Поле графической схемы	ПолеДендрограммы	DendrogramField	Поле дендрограммы	ПолеДиаграммы	ChartField	Поле диаграммы	ПолеДиаграммыГанта	GanttChartField	Поле диаграммы Ганта	ПолеИндикатора	ProgressBarField	Поле индикатора	ПолеКалендаря	CalendarField	Поле календаря	ПолеКартинки	PictureField	Поле картинки	ПолеНадписи	LabelField	Поле надписи	ПолеПереключателя	RadioButtonField	Поле переключателя	ПолеПериода	PeriodField	Поле периода	ПолеПланировщика	PlannerField	Поле данных планировщика	ПолеПолосыРегулирования	TrackBarField	Поле полосы регулирования	ПолеТабличногоДокумента	SpreadsheetDocumentField	Поле табличного документа	ПолеТекстовогоДокумента	TextDocumentField	Поле текстового документа	ПолеФлажка	CheckBoxField	Поле флажка	ПолеФорматированногоДокумента	FormattedDocumentField	Поле форматированного документа
ПолеФормы	ПолеТабличногоДокумента	Основные	ПутьКДанным	DataPath	Путь к данным	Строка																																																														
ПолеФормы	ПолеТабличногоДокумента	Основные	ПоложениеЗаголовка	TitleLocation	Положение заголовка	ПоложениеЗаголовкаЭлементаФормы	Авто		Авто	Auto	Авто	Верх	Top	Верх	Лево	Left	Лево	Нет	None	Нет	Низ	Bottom	Низ	Право	Right	Право																																										
ПолеФормы	ПолеТабличногоДокумента	Основные	Видимость	Visible	Видимость	Булево	Истина																																																													
ПолеФормы	ПолеТабличногоДокумента	Основные	Доступность	Enabled	Доступность	Булево	Истина	Истина																																																												
ПолеФормы	ПолеТабличногоДокумента	Основные	ТолькоПросмотр	ReadOnly	Только просмотр	Булево		Истина																																																												
ПолеФормы	ПолеТабличногоДокумента	Основные	ПропускатьПриВводе	SkipOnInput	Пропускать при вводе	БулевоНеопределено																																																														
ПолеФормы	ПолеТабличногоДокумента	Основные	АктивизироватьПоУмолчанию	DefaultItem	Активизировать по умолчанию	Булево																																																														
ПолеФормы	ПолеТабличногоДокумента	Основные	ВажностьПриОтображении	DisplayImportance	Важность при отображении	ВажностьПриОтображении	Авто		Авто	Auto	Авто	Высокая	High	Высокая	Низкая	Low	Низкая	Обычная	Usual	Обычная	ОченьВысокая	VeryHigh	Очень высокая	ОченьНизкая	VeryLow	Очень низкая																																										
ПолеФормы	ПолеТабличногоДокумента	Основные	ПоведениеПриНедоступностиОсновногоСервера	OnMainServerUnavalableBehavior	Поведение при недоступности основного сервера	ПоведениеПриНедоступностиОсновногоСервера	Авто		Авто	Auto	Авто	НеИзменятьПоведение	DontChangeBehavior	Не изменять поведение	ОтключитьДоступность	MakeDisable	Отключать доступность																																																			
ПолеФормы	ПолеТабличногоДокумента	Использование	ОтображениеПредупрежденияПриРедактировании	WarningOnEditRepresentation	Отображение предупреждения при редактировании	ОтображениеПредупрежденияПриРедактировании	Авто		Авто	Auto	Авто	НеОтображать	DontShow	Не отображать	Отображать	Show	Отображать																																																			
ПолеФормы	ПолеТабличногоДокумента	Использование	ПредупреждениеПриРедактировании	WarningOnEdit	Предупреждение при редактировании	Строка																																																														
ПолеФормы	ПолеТабличногоДокумента	Использование	СочетаниеКлавиш	Shortcut	Сочетание клавиш	Сочетание клавиш																																																														
ПолеФормы	ПолеТабличногоДокумента	Использование	Защита	Protection	Защита	Булево																																																														
ПолеФормы	ПолеТабличногоДокумента	Использование	ОтображатьСетку	ShowGrid	Отображать сетку	Булево																																																														
ПолеФормы	ПолеТабличногоДокумента	Использование	ОтображатьЗаголовки	ShowHeaders	Отображать заголовки	Булево																																																														
ПолеФормы	ПолеТабличногоДокумента	Использование	ЧерноБелыйПросмотр	BlackAndWhiteView	Черно белый просмотр	Булево																																																														
ПолеФормы	ПолеТабличногоДокумента	Использование	РежимОтображенияВыделения	SelectionShowMode	Режим отображения выделения	РежимОтображенияВыделения			Всегда	Always	Всегда	НеОтображать	DontShow	Не отображать	ПриАктивности	WhenActive	При активности	ПриВыделенииНесколькихЯчеек	WhenMultipleCellsSelected	При выделении нескольких ячеек	ПриВыделенииНесколькихЯчеекПриАктивности	WhenMultipleCellsSelectedWhenActive	При выделении нескольких ячеек при активности																																													
ПолеФормы	ПолеТабличногоДокумента	Использование	РежимОтображенияВыделенияРисунков	DrawingSelectionShowMode	Режим отображения выделения рисунков	РежимОтображенияВыделенияРисунков	Авто		Авто	Auto	Авто	НеОтображать	DontShow	Не отображать	Отображать	Show	Отображать																																																			
ПолеФормы	ПолеТабличногоДокумента	Использование	Вывод	Output	Вывод	ИспользованиеВывода	Авто		Авто	Auto	Авто	Запретить	Disable	Запретить	Разрешить	Enable	Разрешить																																																			
ПолеФормы	ПолеТабличногоДокумента	Использование	Редактирование	Edit	Редактирование	Булево																																																														
ПолеФормы	ПолеТабличногоДокумента	Использование	ОтображатьГруппировки	ShowGroups	Отображать группировки	Булево																																																														
ПолеФормы	ПолеТабличногоДокумента	Использование	РазрешитьНачалоПеретаскивания	EnableStartDrag	Разрешить начало перетаскивания	Булево																																																														
ПолеФормы	ПолеТабличногоДокумента	Использование	РазрешитьПеретаскивание	EnableDrag	Разрешить перетаскивание	Булево																																																														
ПолеФормы	ПолеТабличногоДокумента	Использование	РежимМасштабированияПросмотра	ViewScalingMode	Режим масштабирования просмотра	РежимМасштабированияПросмотра	Авто		Авто	Auto	Авто	Крупный	Large	Крупный	Обычный	Normal	Обычный																																																			
ПолеФормы	ПолеТабличногоДокумента	Использование	ОтображатьИменаЯчеек	ShowCellNames	Отображать имена ячеек	Булево																																																														
ПолеФормы	ПолеТабличногоДокумента	Использование	ОтображатьИменаСтрокИКолонок	ShowRowAndColumnNames	Отображать имена строк и колонок	Булево																																																														
ПолеФормы	ПолеТабличногоДокумента	Использование	ТипКурсоров	PointerType	Тип курсоров	ТипКурсоровТабличногоДокумента			Обычные	Regular	Обычные	Специальные	Special	Специальные																																																						
ПолеФормы	ПолеТабличногоДокумента	Использование	ВертикальнаяПолосаПрокрутки	VerticalScrollBar	Вертикальная полоса прокрутки	ИспользованиеПолосыПрокрутки			ИспользоватьАвтоматически	AutoUse	Использовать автоматически	ИспользоватьВсегда	UseAlways	Использовать всегда	НеИспользовать	DontUse	Не использовать																																																			
ПолеФормы	ПолеТабличногоДокумента	Использование	ГоризонтальнаяПолосаПрокрутки	HorizontalScrollBar	Горизонтальная полоса прокрутки	ИспользованиеПолосыПрокрутки			ИспользоватьАвтоматически	AutoUse	Использовать автоматически	ИспользоватьВсегда	UseAlways	Использовать всегда	НеИспользовать	DontUse	Не использовать																																																			
ПолеФормы	ПолеТабличногоДокумента	Использование	Подсказка	ToolTip	Подсказка	Сочетание клавиш		Истина																																																												
ПолеФормы	ПолеТабличногоДокумента	Использование	ОтображениеПодсказки	ToolTipRepresentation	Отображение подсказки	ОтображениеПодсказки	Авто	Истина	Авто	Auto	Авто	Всплывающая	Balloon	Всплывающая подсказка	Кнопка	Button	Кнопка	Нет	None	Нет	ОтображатьАвто	ShowAuto	Отображать авто	ОтображатьСверху	ShowTop	Отображать сверху	ОтображатьСлева	ShowLeft	Отображать слева	ОтображатьСнизу	ShowBottom	Отображать снизу	ОтображатьСправа	ShowRight	Отображать справа																																	
ПолеФормы	ПолеТабличногоДокумента	Оформление	ЦветТекстаЗаголовка	TitleTextColor	Цвет текста заголовка	Цвет		Истина																																																												
ПолеФормы	ПолеТабличногоДокумента	Оформление	ШрифтЗаголовка	TitleFont	Шрифт заголовка	Шрифт		Истина																																																												
ПолеФормы	ПолеТабличногоДокумента	Оформление	ЦветРамки	BorderColor	Цвет рамки	Цвет		Истина																																																												
ПолеФормы	ПолеТабличногоДокумента	Расположение	ГоризонтальноеПоложениеВГруппе	HorizontalAlignInGroup	Горизонтальное положение в группе	ГоризонтальноеПоложениеЭлемента	Авто	Истина	Авто	Auto	Авто	Лево	Left	Лево	Право	Right	Право	Центр	Center	Центр																																																
ПолеФормы	ПолеТабличногоДокумента	Расположение	ВертикальноеПоложениеВГруппе	VerticalAlignInGroup	Вертикальное положение в группе	ВертикальноеПоложениеЭлемента	Авто	Истина	Авто	Auto	Авто	Верх	Top	Верх	Низ	Bottom	Низ	Центр	Center	Центр																																																
ПолеФормы	ПолеТабличногоДокумента	Расположение	Ширина	Width	Ширина	Число		Истина																																																												
ПолеФормы	ПолеТабличногоДокумента	Расположение	Высота	Height	Высота	Число		Истина																																																												
ПолеФормы	ПолеТабличногоДокумента	Расположение	АвтоМаксимальнаяШирина	AutoMaxWidth	Авто максимальная ширина	Булево	Истина	Истина																																																												
ПолеФормы	ПолеТабличногоДокумента	Расположение	АвтоМаксимальнаяВысота	AutoMaxHeight	Авто максимальная высота	Булево	Истина	Истина																																																												
ПолеФормы	ПолеТабличногоДокумента	Расположение	РастягиватьПоГоризонтали	HorizontalStretch	Растягивать по горизонтали	БулевоНеопределено		Истина																																																												
ПолеФормы	ПолеТабличногоДокумента	Расположение	РастягиватьПоВертикали	VerticalStretch	Растягивать по вертикали	БулевоНеопределено		Истина																																																												
ПолеФормы	ПолеТабличногоДокумента	Расположение	ВысотаЗаголовка	TitleHeight	Высота заголовка	Число		Истина																																																												
ПолеФормы	ПолеТекстовогоДокумента	Основные	Заголовок	Title	Заголовок	Строка		Истина																																																												
ПолеФормы	ПолеТекстовогоДокумента	Основные	Вид	Type	Вид	ВидПоляФормы			ПолеHTMLДокумента	HTMLDocumentField	Поле HTML документа	ПолеPDFДокумента	PDFDocumentField	Поле PDF документа	ПолеВвода	InputField	Поле ввода	ПолеГеографическойСхемы	GeographicalSchemaField	Поле географической схемы	ПолеГрафическойСхемы	GraphicalSchemaField	Поле графической схемы	ПолеДендрограммы	DendrogramField	Поле дендрограммы	ПолеДиаграммы	ChartField	Поле диаграммы	ПолеДиаграммыГанта	GanttChartField	Поле диаграммы Ганта	ПолеИндикатора	ProgressBarField	Поле индикатора	ПолеКалендаря	CalendarField	Поле календаря	ПолеКартинки	PictureField	Поле картинки	ПолеНадписи	LabelField	Поле надписи	ПолеПереключателя	RadioButtonField	Поле переключателя	ПолеПериода	PeriodField	Поле периода	ПолеПланировщика	PlannerField	Поле данных планировщика	ПолеПолосыРегулирования	TrackBarField	Поле полосы регулирования	ПолеТабличногоДокумента	SpreadsheetDocumentField	Поле табличного документа	ПолеТекстовогоДокумента	TextDocumentField	Поле текстового документа	ПолеФлажка	CheckBoxField	Поле флажка	ПолеФорматированногоДокумента	FormattedDocumentField	Поле форматированного документа
ПолеФормы	ПолеТекстовогоДокумента	Основные	ПутьКДанным	DataPath	Путь к данным	Строка																																																														
ПолеФормы	ПолеТекстовогоДокумента	Основные	ПоложениеЗаголовка	TitleLocation	Положение заголовка	ПоложениеЗаголовкаЭлементаФормы	Авто		Авто	Auto	Авто	Верх	Top	Верх	Лево	Left	Лево	Нет	None	Нет	Низ	Bottom	Низ	Право	Right	Право																																										
ПолеФормы	ПолеТекстовогоДокумента	Основные	Видимость	Visible	Видимость	Булево	Истина																																																													
ПолеФормы	ПолеТекстовогоДокумента	Основные	Доступность	Enabled	Доступность	Булево	Истина	Истина																																																												
ПолеФормы	ПолеТекстовогоДокумента	Основные	ТолькоПросмотр	ReadOnly	Только просмотр	Булево		Истина																																																												
ПолеФормы	ПолеТекстовогоДокумента	Основные	ПропускатьПриВводе	SkipOnInput	Пропускать при вводе	БулевоНеопределено																																																														
ПолеФормы	ПолеТекстовогоДокумента	Основные	АктивизироватьПоУмолчанию	DefaultItem	Активизировать по умолчанию	Булево																																																														
ПолеФормы	ПолеТекстовогоДокумента	Основные	ВажностьПриОтображении	DisplayImportance	Важность при отображении	ВажностьПриОтображении	Авто		Авто	Auto	Авто	Высокая	High	Высокая	Низкая	Low	Низкая	Обычная	Usual	Обычная	ОченьВысокая	VeryHigh	Очень высокая	ОченьНизкая	VeryLow	Очень низкая																																										
ПолеФормы	ПолеТекстовогоДокумента	Основные	ПоведениеПриНедоступностиОсновногоСервера	OnMainServerUnavalableBehavior	Поведение при недоступности основного сервера	ПоведениеПриНедоступностиОсновногоСервера	Авто		Авто	Auto	Авто	НеИзменятьПоведение	DontChangeBehavior	Не изменять поведение	ОтключитьДоступность	MakeDisable	Отключать доступность																																																			
ПолеФормы	ПолеТекстовогоДокумента	Использование	ОтображениеПредупрежденияПриРедактировании	WarningOnEditRepresentation	Отображение предупреждения при редактировании	ОтображениеПредупрежденияПриРедактировании	Авто		Авто	Auto	Авто	НеОтображать	DontShow	Не отображать	Отображать	Show	Отображать																																																			
ПолеФормы	ПолеТекстовогоДокумента	Использование	ПредупреждениеПриРедактировании	WarningOnEdit	Предупреждение при редактировании	Строка																																																														
ПолеФормы	ПолеТекстовогоДокумента	Использование	СочетаниеКлавиш	Shortcut	Сочетание клавиш	Сочетание клавиш																																																														
ПолеФормы	ПолеТекстовогоДокумента	Использование	Вывод	Output	Вывод	ИспользованиеВывода	Авто		Авто	Auto	Авто	Запретить	Disable	Запретить	Разрешить	Enable	Разрешить																																																			
ПолеФормы	ПолеТекстовогоДокумента	Использование	Подсказка	ToolTip	Подсказка	Сочетание клавиш		Истина																																																												
ПолеФормы	ПолеТекстовогоДокумента	Использование	ОтображениеПодсказки	ToolTipRepresentation	Отображение подсказки	ОтображениеПодсказки	Авто	Истина	Авто	Auto	Авто	Всплывающая	Balloon	Всплывающая подсказка	Кнопка	Button	Кнопка	Нет	None	Нет	ОтображатьАвто	ShowAuto	Отображать авто	ОтображатьСверху	ShowTop	Отображать сверху	ОтображатьСлева	ShowLeft	Отображать слева	ОтображатьСнизу	ShowBottom	Отображать снизу	ОтображатьСправа	ShowRight	Отображать справа																																	
ПолеФормы	ПолеТекстовогоДокумента	Оформление	ЦветТекстаЗаголовка	TitleTextColor	Цвет текста заголовка	Цвет		Истина																																																												
ПолеФормы	ПолеТекстовогоДокумента	Оформление	ШрифтЗаголовка	TitleFont	Шрифт заголовка	Шрифт		Истина																																																												
ПолеФормы	ПолеТекстовогоДокумента	Оформление	ЦветФона	BackColor	Цвет фона	Цвет		Истина																																																												
ПолеФормы	ПолеТекстовогоДокумента	Оформление	ЦветТекста	TextColor	Цвет текста	Цвет		Истина																																																												
ПолеФормы	ПолеТекстовогоДокумента	Оформление	ЦветРамки	BorderColor	Цвет рамки	Цвет		Истина																																																												
ПолеФормы	ПолеТекстовогоДокумента	Оформление	Шрифт	Font	Шрифт	Шрифт		Истина																																																												
ПолеФормы	ПолеТекстовогоДокумента	Расположение	ГоризонтальноеПоложениеВГруппе	HorizontalAlignInGroup	Горизонтальное положение в группе	ГоризонтальноеПоложениеЭлемента	Авто	Истина	Авто	Auto	Авто	Лево	Left	Лево	Право	Right	Право	Центр	Center	Центр																																																
ПолеФормы	ПолеТекстовогоДокумента	Расположение	ВертикальноеПоложениеВГруппе	VerticalAlignInGroup	Вертикальное положение в группе	ВертикальноеПоложениеЭлемента	Авто	Истина	Авто	Auto	Авто	Верх	Top	Верх	Низ	Bottom	Низ	Центр	Center	Центр																																																
ПолеФормы	ПолеТекстовогоДокумента	Расположение	Ширина	Width	Ширина	Число		Истина																																																												
ПолеФормы	ПолеТекстовогоДокумента	Расположение	Высота	Height	Высота	Число		Истина																																																												
ПолеФормы	ПолеТекстовогоДокумента	Расположение	АвтоМаксимальнаяШирина	AutoMaxWidth	Авто максимальная ширина	Булево	Истина	Истина																																																												
ПолеФормы	ПолеТекстовогоДокумента	Расположение	АвтоМаксимальнаяВысота	AutoMaxHeight	Авто максимальная высота	Булево	Истина	Истина																																																												
ПолеФормы	ПолеТекстовогоДокумента	Расположение	РастягиватьПоГоризонтали	HorizontalStretch	Растягивать по горизонтали	БулевоНеопределено		Истина																																																												
ПолеФормы	ПолеТекстовогоДокумента	Расположение	РастягиватьПоВертикали	VerticalStretch	Растягивать по вертикали	БулевоНеопределено		Истина																																																												
ПолеФормы	ПолеТекстовогоДокумента	Расположение	ВысотаЗаголовка	TitleHeight	Высота заголовка	Число		Истина																																																												
ПолеФормы	ПолеФлажка	Основные	Заголовок	Title	Заголовок	Строка		Истина																																																												
ПолеФормы	ПолеФлажка	Основные	Вид	Type	Вид	ВидПоляФормы			ПолеHTMLДокумента	HTMLDocumentField	Поле HTML документа	ПолеPDFДокумента	PDFDocumentField	Поле PDF документа	ПолеВвода	InputField	Поле ввода	ПолеГеографическойСхемы	GeographicalSchemaField	Поле географической схемы	ПолеГрафическойСхемы	GraphicalSchemaField	Поле графической схемы	ПолеДендрограммы	DendrogramField	Поле дендрограммы	ПолеДиаграммы	ChartField	Поле диаграммы	ПолеДиаграммыГанта	GanttChartField	Поле диаграммы Ганта	ПолеИндикатора	ProgressBarField	Поле индикатора	ПолеКалендаря	CalendarField	Поле календаря	ПолеКартинки	PictureField	Поле картинки	ПолеНадписи	LabelField	Поле надписи	ПолеПереключателя	RadioButtonField	Поле переключателя	ПолеПериода	PeriodField	Поле периода	ПолеПланировщика	PlannerField	Поле данных планировщика	ПолеПолосыРегулирования	TrackBarField	Поле полосы регулирования	ПолеТабличногоДокумента	SpreadsheetDocumentField	Поле табличного документа	ПолеТекстовогоДокумента	TextDocumentField	Поле текстового документа	ПолеФлажка	CheckBoxField	Поле флажка	ПолеФорматированногоДокумента	FormattedDocumentField	Поле форматированного документа
ПолеФормы	ПолеФлажка	Основные	ПутьКДанным	DataPath	Путь к данным	Строка																																																														
ПолеФормы	ПолеФлажка	Основные	ПоложениеЗаголовка	TitleLocation	Положение заголовка	ПоложениеЗаголовкаЭлементаФормы	Авто		Авто	Auto	Авто	Верх	Top	Верх	Лево	Left	Лево	Нет	None	Нет	Низ	Bottom	Низ	Право	Right	Право																																										
ПолеФормы	ПолеФлажка	Основные	Видимость	Visible	Видимость	Булево	Истина																																																													
ПолеФормы	ПолеФлажка	Основные	Доступность	Enabled	Доступность	Булево	Истина	Истина																																																												
ПолеФормы	ПолеФлажка	Основные	ТолькоПросмотр	ReadOnly	Только просмотр	Булево		Истина																																																												
ПолеФормы	ПолеФлажка	Основные	ПропускатьПриВводе	SkipOnInput	Пропускать при вводе	БулевоНеопределено																																																														
ПолеФормы	ПолеФлажка	Основные	АктивизироватьПоУмолчанию	DefaultItem	Активизировать по умолчанию	Булево																																																														
ПолеФормы	ПолеФлажка	Основные	ВажностьПриОтображении	DisplayImportance	Важность при отображении	ВажностьПриОтображении	Авто		Авто	Auto	Авто	Высокая	High	Высокая	Низкая	Low	Низкая	Обычная	Usual	Обычная	ОченьВысокая	VeryHigh	Очень высокая	ОченьНизкая	VeryLow	Очень низкая																																										
ПолеФормы	ПолеФлажка	Основные	ПоведениеПриНедоступностиОсновногоСервера	OnMainServerUnavalableBehavior	Поведение при недоступности основного сервера	ПоведениеПриНедоступностиОсновногоСервера	Авто		Авто	Auto	Авто	НеИзменятьПоведение	DontChangeBehavior	Не изменять поведение	ОтключитьДоступность	MakeDisable	Отключать доступность																																																			
ПолеФормы	ПолеФлажка	Основные	ВидФлажка	CheckBoxType	Вид флажка	ВидФлажка	Авто	Истина	Авто	Auto	Авто	Выключатель	Switch	Выключатель	Тумблер	Tumbler	Тумблер	Флажок	CheckBox	Флажок																																																
ПолеФормы	ПолеФлажка	Использование	ОтображениеПредупрежденияПриРедактировании	WarningOnEditRepresentation	Отображение предупреждения при редактировании	ОтображениеПредупрежденияПриРедактировании	Авто		Авто	Auto	Авто	НеОтображать	DontShow	Не отображать	Отображать	Show	Отображать																																																			
ПолеФормы	ПолеФлажка	Использование	ПредупреждениеПриРедактировании	WarningOnEdit	Предупреждение при редактировании	Строка																																																														
ПолеФормы	ПолеФлажка	Использование	СочетаниеКлавиш	Shortcut	Сочетание клавиш	Сочетание клавиш																																																														
ПолеФормы	ПолеФлажка	Использование	Подсказка	ToolTip	Подсказка	Сочетание клавиш		Истина																																																												
ПолеФормы	ПолеФлажка	Использование	ОтображениеПодсказки	ToolTipRepresentation	Отображение подсказки	ОтображениеПодсказки	Авто	Истина	Авто	Auto	Авто	Всплывающая	Balloon	Всплывающая подсказка	Кнопка	Button	Кнопка	Нет	None	Нет	ОтображатьАвто	ShowAuto	Отображать авто	ОтображатьСверху	ShowTop	Отображать сверху	ОтображатьСлева	ShowLeft	Отображать слева	ОтображатьСнизу	ShowBottom	Отображать снизу	ОтображатьСправа	ShowRight	Отображать справа																																	
ПолеФормы	ПолеФлажка	Оформление	ЦветТекстаЗаголовка	TitleTextColor	Цвет текста заголовка	Цвет		Истина																																																												
ПолеФормы	ПолеФлажка	Оформление	ШрифтЗаголовка	TitleFont	Шрифт заголовка	Шрифт		Истина																																																												
ПолеФормы	ПолеФлажка	Оформление	ЦветРамки	BorderColor	Цвет рамки	Цвет		Истина																																																												
ПолеФормы	ПолеФлажка	Расположение	ГоризонтальноеПоложениеВГруппе	HorizontalAlignInGroup	Горизонтальное положение в группе	ГоризонтальноеПоложениеЭлемента	Авто	Истина	Авто	Auto	Авто	Лево	Left	Лево	Право	Right	Право	Центр	Center	Центр																																																
ПолеФормы	ПолеФлажка	Расположение	ВертикальноеПоложениеВГруппе	VerticalAlignInGroup	Вертикальное положение в группе	ВертикальноеПоложениеЭлемента	Авто	Истина	Авто	Auto	Авто	Верх	Top	Верх	Низ	Bottom	Низ	Центр	Center	Центр																																																
ПолеФормы	ПолеФлажка	Расположение	ВертикальноеПоложение	VerticalAlign	Вертикальное положение	ВертикальноеПоложениеЭлемента	Авто		Авто	Auto	Авто	Верх	Top	Верх	Низ	Bottom	Низ	Центр	Center	Центр																																																
ПолеФормы	ПолеФлажка	Расположение	ВысотаЗаголовка	TitleHeight	Высота заголовка	Число		Истина																																																												
ПолеФормы	ПолеФорматированногоДокумента	Основные	Заголовок	Title	Заголовок	Строка		Истина																																																												
ПолеФормы	ПолеФорматированногоДокумента	Основные	Вид	Type	Вид	ВидПоляФормы			ПолеHTMLДокумента	HTMLDocumentField	Поле HTML документа	ПолеPDFДокумента	PDFDocumentField	Поле PDF документа	ПолеВвода	InputField	Поле ввода	ПолеГеографическойСхемы	GeographicalSchemaField	Поле географической схемы	ПолеГрафическойСхемы	GraphicalSchemaField	Поле графической схемы	ПолеДендрограммы	DendrogramField	Поле дендрограммы	ПолеДиаграммы	ChartField	Поле диаграммы	ПолеДиаграммыГанта	GanttChartField	Поле диаграммы Ганта	ПолеИндикатора	ProgressBarField	Поле индикатора	ПолеКалендаря	CalendarField	Поле календаря	ПолеКартинки	PictureField	Поле картинки	ПолеНадписи	LabelField	Поле надписи	ПолеПереключателя	RadioButtonField	Поле переключателя	ПолеПериода	PeriodField	Поле периода	ПолеПланировщика	PlannerField	Поле данных планировщика	ПолеПолосыРегулирования	TrackBarField	Поле полосы регулирования	ПолеТабличногоДокумента	SpreadsheetDocumentField	Поле табличного документа	ПолеТекстовогоДокумента	TextDocumentField	Поле текстового документа	ПолеФлажка	CheckBoxField	Поле флажка	ПолеФорматированногоДокумента	FormattedDocumentField	Поле форматированного документа
ПолеФормы	ПолеФорматированногоДокумента	Основные	ПутьКДанным	DataPath	Путь к данным	Строка																																																														
ПолеФормы	ПолеФорматированногоДокумента	Основные	ПоложениеЗаголовка	TitleLocation	Положение заголовка	ПоложениеЗаголовкаЭлементаФормы	Авто		Авто	Auto	Авто	Верх	Top	Верх	Лево	Left	Лево	Нет	None	Нет	Низ	Bottom	Низ	Право	Right	Право																																										
ПолеФормы	ПолеФорматированногоДокумента	Основные	Видимость	Visible	Видимость	Булево	Истина																																																													
ПолеФормы	ПолеФорматированногоДокумента	Основные	Доступность	Enabled	Доступность	Булево	Истина	Истина																																																												
ПолеФормы	ПолеФорматированногоДокумента	Основные	ТолькоПросмотр	ReadOnly	Только просмотр	Булево		Истина																																																												
ПолеФормы	ПолеФорматированногоДокумента	Основные	ПропускатьПриВводе	SkipOnInput	Пропускать при вводе	БулевоНеопределено																																																														
ПолеФормы	ПолеФорматированногоДокумента	Основные	АктивизироватьПоУмолчанию	DefaultItem	Активизировать по умолчанию	Булево																																																														
ПолеФормы	ПолеФорматированногоДокумента	Основные	ВажностьПриОтображении	DisplayImportance	Важность при отображении	ВажностьПриОтображении	Авто		Авто	Auto	Авто	Высокая	High	Высокая	Низкая	Low	Низкая	Обычная	Usual	Обычная	ОченьВысокая	VeryHigh	Очень высокая	ОченьНизкая	VeryLow	Очень низкая																																										
ПолеФормы	ПолеФорматированногоДокумента	Основные	ПоведениеПриНедоступностиОсновногоСервера	OnMainServerUnavalableBehavior	Поведение при недоступности основного сервера	ПоведениеПриНедоступностиОсновногоСервера	Авто		Авто	Auto	Авто	НеИзменятьПоведение	DontChangeBehavior	Не изменять поведение	ОтключитьДоступность	MakeDisable	Отключать доступность																																																			
ПолеФормы	ПолеФорматированногоДокумента	Использование	ОтображениеПредупрежденияПриРедактировании	WarningOnEditRepresentation	Отображение предупреждения при редактировании	ОтображениеПредупрежденияПриРедактировании	Авто		Авто	Auto	Авто	НеОтображать	DontShow	Не отображать	Отображать	Show	Отображать																																																			
ПолеФормы	ПолеФорматированногоДокумента	Использование	ПредупреждениеПриРедактировании	WarningOnEdit	Предупреждение при редактировании	Строка																																																														
ПолеФормы	ПолеФорматированногоДокумента	Использование	СочетаниеКлавиш	Shortcut	Сочетание клавиш	Сочетание клавиш																																																														
ПолеФормы	ПолеФорматированногоДокумента	Использование	Вывод	Output	Вывод	ИспользованиеВывода	Авто		Авто	Auto	Авто	Запретить	Disable	Запретить	Разрешить	Enable	Разрешить																																																			
ПолеФормы	ПолеФорматированногоДокумента	Использование	Подсказка	ToolTip	Подсказка	Сочетание клавиш		Истина																																																												
ПолеФормы	ПолеФорматированногоДокумента	Использование	ОтображениеПодсказки	ToolTipRepresentation	Отображение подсказки	ОтображениеПодсказки	Авто	Истина	Авто	Auto	Авто	Всплывающая	Balloon	Всплывающая подсказка	Кнопка	Button	Кнопка	Нет	None	Нет	ОтображатьАвто	ShowAuto	Отображать авто	ОтображатьСверху	ShowTop	Отображать сверху	ОтображатьСлева	ShowLeft	Отображать слева	ОтображатьСнизу	ShowBottom	Отображать снизу	ОтображатьСправа	ShowRight	Отображать справа																																	
ПолеФормы	ПолеФорматированногоДокумента	Оформление	ЦветТекстаЗаголовка	TitleTextColor	Цвет текста заголовка	Цвет		Истина																																																												
ПолеФормы	ПолеФорматированногоДокумента	Оформление	ШрифтЗаголовка	TitleFont	Шрифт заголовка	Шрифт		Истина																																																												
ПолеФормы	ПолеФорматированногоДокумента	Оформление	ЦветФона	BackColor	Цвет фона	Цвет		Истина																																																												
ПолеФормы	ПолеФорматированногоДокумента	Оформление	ЦветТекста	TextColor	Цвет текста	Цвет		Истина																																																												
ПолеФормы	ПолеФорматированногоДокумента	Оформление	ЦветРамки	BorderColor	Цвет рамки	Цвет		Истина																																																												
ПолеФормы	ПолеФорматированногоДокумента	Оформление	Шрифт	Font	Шрифт	Шрифт		Истина																																																												
ПолеФормы	ПолеФорматированногоДокумента	Расположение	ГоризонтальноеПоложениеВГруппе	HorizontalAlignInGroup	Горизонтальное положение в группе	ГоризонтальноеПоложениеЭлемента	Авто	Истина	Авто	Auto	Авто	Лево	Left	Лево	Право	Right	Право	Центр	Center	Центр																																																
ПолеФормы	ПолеФорматированногоДокумента	Расположение	ВертикальноеПоложениеВГруппе	VerticalAlignInGroup	Вертикальное положение в группе	ВертикальноеПоложениеЭлемента	Авто	Истина	Авто	Auto	Авто	Верх	Top	Верх	Низ	Bottom	Низ	Центр	Center	Центр																																																
ПолеФормы	ПолеФорматированногоДокумента	Расположение	Ширина	Width	Ширина	Число		Истина																																																												
ПолеФормы	ПолеФорматированногоДокумента	Расположение	Высота	Height	Высота	Число		Истина																																																												
ПолеФормы	ПолеФорматированногоДокумента	Расположение	АвтоМаксимальнаяШирина	AutoMaxWidth	Авто максимальная ширина	Булево	Истина	Истина																																																												
ПолеФормы	ПолеФорматированногоДокумента	Расположение	АвтоМаксимальнаяВысота	AutoMaxHeight	Авто максимальная высота	Булево	Истина	Истина																																																												
ПолеФормы	ПолеФорматированногоДокумента	Расположение	РастягиватьПоГоризонтали	HorizontalStretch	Растягивать по горизонтали	БулевоНеопределено		Истина																																																												
ПолеФормы	ПолеФорматированногоДокумента	Расположение	РастягиватьПоВертикали	VerticalStretch	Растягивать по вертикали	БулевоНеопределено		Истина																																																												
ПолеФормы	ПолеФорматированногоДокумента	Расположение	ВысотаЗаголовка	TitleHeight	Высота заголовка	Число		Истина																																																												
ТаблицаФормы	БезВида	Основные	Заголовок	Title	Заголовок	Строка		Истина																																																												
ТаблицаФормы	БезВида	Основные	ПутьКДанным	DataPath	Путь к данным	Строка																																																														
ТаблицаФормы	БезВида	Основные	ПоложениеЗаголовка	TitleLocation	Положение заголовка	ПоложениеЗаголовкаЭлементаФормы	Авто		Авто	Auto	Авто	Верх	Top	Верх	Лево	Left	Лево	Нет	None	Нет	Низ	Bottom	Низ	Право	Right	Право																																										
ТаблицаФормы	БезВида	Основные	Видимость	Visible	Видимость	Булево	Истина																																																													
ТаблицаФормы	БезВида	Основные	Доступность	Enabled	Доступность	Булево	Истина	Истина																																																												
ТаблицаФормы	БезВида	Основные	ТолькоПросмотр	ReadOnly	Только просмотр	Булево		Истина																																																												
ТаблицаФормы	БезВида	Основные	ПропускатьПриВводе	SkipOnInput	Пропускать при вводе	БулевоНеопределено																																																														
ТаблицаФормы	БезВида	Основные	АктивизироватьПоУмолчанию	DefaultItem	Активизировать по умолчанию	Булево																																																														
ТаблицаФормы	БезВида	Основные	РежимВыбора	ChoiceMode	Режим выбора	Булево																																																														
ТаблицаФормы	БезВида	Основные	МножественныйВыбор	MultipleChoice	Множественный выбор	Булево																																																														
ТаблицаФормы	БезВида	Основные	ВажностьПриОтображении	DisplayImportance	Важность при отображении	ВажностьПриОтображении	Авто		Авто	Auto	Авто	Высокая	High	Высокая	Низкая	Low	Низкая	Обычная	Usual	Обычная	ОченьВысокая	VeryHigh	Очень высокая	ОченьНизкая	VeryLow	Очень низкая																																										
ТаблицаФормы	БезВида	Основные	ПоведениеПриНедоступностиОсновногоСервера	OnMainServerUnavalableBehavior	Поведение при недоступности основного сервера	ПоведениеПриНедоступностиОсновногоСервера	Авто		Авто	Auto	Авто	НеИзменятьПоведение	DontChangeBehavior	Не изменять поведение	ОтключитьДоступность	MakeDisable	Отключать доступность																																																			
ТаблицаФормы	БезВида	Использование	ПоложениеКоманднойПанели	CommandBarLocation	Положение командной панели	ПоложениеКоманднойПанелиЭлементаФормы	Авто		Авто	Auto	Авто	Верх	Top	Верх	Нет	None	Нет	Низ	Bottom	Низ																																																
ТаблицаФормы	БезВида	Использование	ИзменятьСоставСтрок	ChangeRowSet	Изменять состав строк	Булево																																																														
ТаблицаФормы	БезВида	Использование	ИзменятьПорядокСтрок	ChangeRowOrder	Изменять порядок строк	Булево																																																														
ТаблицаФормы	БезВида	Использование	Отображение	Representation	Отображение	ОтображениеТаблицы		Истина	Дерево	Tree	Дерево	ИерархическийСписок	HierarchicalList	Иерархический список	Список	List	Список																																																			
ТаблицаФормы	БезВида	Использование	РежимВводаСтрок	RowInputMode	Режим ввода строк	РежимВводаСтрокТаблицы			ВКонецОкна	EndOfWindow	В конце окна	ВКонецСписка	EndOfList	В конце списка	ПередТекущейСтрокой	BeforeCurrentRow	Перед текущей строкой	ПослеТекущейСтроки	AfterCurrentRow	После текущей строки																																																
ТаблицаФормы	БезВида	Использование	РежимВыделения	SelectionMode	Режим выделения	РежимВыделенияТаблицы			Множественный	MultiRow	Множественный	Одиночный	SingleRow	Одиночный																																																						
ТаблицаФормы	БезВида	Использование	РежимВыделенияСтроки	RowSelectionMode	Режим выделения строки	РежимВыделенияСтрокиТаблицы			Строка	Row	Строка	Ячейка	Cell	Ячейка																																																						
ТаблицаФормы	БезВида	Использование	Шапка	Header	Шапка	Булево																																																														
ТаблицаФормы	БезВида	Использование	Подвал	Footer	Подвал	Булево																																																														
ТаблицаФормы	БезВида	Использование	Вывод	Output	Вывод	ИспользованиеВывода	Авто		Авто	Auto	Авто	Запретить	Disable	Запретить	Разрешить	Enable	Разрешить																																																			
ТаблицаФормы	БезВида	Использование	АвтоВводНовойСтроки	AutoInsertNewRow	Авто ввод новой строки	Булево																																																														
ТаблицаФормы	БезВида	Использование	АвтоВводНезаполненного	AutoAddIncomplete	Авто ввод незаполненного	БулевоНеопределено																																																														
ТаблицаФормы	БезВида	Использование	АвтоОтметкаНезаполненного	AutoMarkIncomplete	Авто отметка незаполненного	БулевоНеопределено																																																														
ТаблицаФормы	БезВида	Использование	ПоискПриВводе	SearchOnInput	Поиск при вводе	ПоискВТаблицеПриВводе	Авто		Авто	Auto	Авто	Использовать	Use	Использовать	НеИспользовать	DontUse	Не использовать																																																			
ТаблицаФормы	БезВида	Использование	СочетаниеКлавиш	Shortcut	Сочетание клавиш	Сочетание клавиш																																																														
ТаблицаФормы	БезВида	Использование	РазрешитьНачалоПеретаскивания	EnableStartDrag	Разрешить начало перетаскивания	Булево																																																														
ТаблицаФормы	БезВида	Использование	РазрешитьПеретаскивание	EnableDrag	Разрешить перетаскивание	Булево																																																														
ТаблицаФормы	БезВида	Использование	СпособПеретаскиванияФайлов	FileDragMode	Способ перетаскивания файлов	СпособПеретаскиванияФайлов			КакСсылкаНаФайл	AsFileRef	Как ссылка на файл	КакФайл	AsFile	Как файл																																																						
ТаблицаФормы	БезВида	Использование	Подсказка	ToolTip	Подсказка	Строка		Истина																																																												
ТаблицаФормы	БезВида	Использование	ОтображениеПодсказки	ToolTipRepresentation	Отображение подсказки	ОтображениеПодсказки	Авто	Истина	Авто	Auto	Авто	Всплывающая	Balloon	Всплывающая подсказка	Кнопка	Button	Кнопка	Нет	None	Нет	ОтображатьАвто	ShowAuto	Отображать авто	ОтображатьСверху	ShowTop	Отображать сверху	ОтображатьСлева	ShowLeft	Отображать слева	ОтображатьСнизу	ShowBottom	Отображать снизу	ОтображатьСправа	ShowRight	Отображать справа																																	
ТаблицаФормы	БезВида	Использование	ПутьКДаннымКартинкиСтроки	RowPictureDataPath	Путь к данным картинки строки	Строка																																																														
ТаблицаФормы	БезВида	Использование	КартинкаСтрок	RowsPicture	Картинка строк	Картинка																																																														
ТаблицаФормы	БезВида	Использование	ГоризонтальнаяПолосаПрокрутки	HorizontalScrollBar	Горизонтальная полоса прокрутки	ИспользованиеПолосыПрокрутки			ИспользоватьАвтоматически	AutoUse	Использовать автоматически	ИспользоватьВсегда	UseAlways	Использовать всегда	НеИспользовать	DontUse	Не использовать																																																			
ТаблицаФормы	БезВида	Использование	ВертикальнаяПолосаПрокрутки	VerticalScrollBar	Вертикальная полоса прокрутки	ИспользованиеПолосыПрокрутки			ИспользоватьАвтоматически	AutoUse	Использовать автоматически	ИспользоватьВсегда	UseAlways	Использовать всегда	НеИспользовать	DontUse	Не использовать																																																			
ТаблицаФормы	БезВида	Использование	НачальноеОтображениеСписка	InitialListView	Начальное отображение списка	НачальноеОтображениеСписка	Авто		Авто	Auto	Авто	Конец	End	Конец	Начало	Beginning	Начало																																																			
ТаблицаФормы	БезВида	Использование	НачальноеОтображениеДерева	InitialTreeView	Начальное отображение дерева	НачальноеОтображениеДерева			НеРаскрывать	NoExpand	Не раскрывать	РаскрыватьВерхнийУровень	ExpandTopLevel	Раскрывать верхний уровень	РаскрыватьВсеУровни	ExpandAllLevels	Раскрывать все уровни																																																			
ТаблицаФормы	БезВида	Использование	ПоложениеСтрокиПоиска	SearchStringLocation	Положение строки поиска	ПоложениеСтрокиПоиска	Авто		Авто	Auto	Авто	Верх	Top	Верх	ЗаголовокФормы	FormCaption	Заголовок формы	КоманднаяПанель	CommandBar	Командная панель	Нет	None	Нет	Низ	Bottom	Низ	ПотянутьСверху	PullFromTop	Потянуть сверху																																							
ТаблицаФормы	БезВида	Использование	ПоложениеСостоянияПросмотра	ViewStatusLocation	Положение состояния просмотра	ПоложениеСостоянияПросмотра	Авто		Авто	Auto	Авто	Верх	Top	Верх	Нет	None	Нет	Низ	Bottom	Низ																																																
ТаблицаФормы	БезВида	Использование	ПоложениеУправленияПоиском	SearchControlLocation	Положение управления поиском	ПоложениеУправленияПоиском	Авто		Авто	Auto	Авто	КоманднаяПанель	CommandBar	Командная панель	Нет	None	Нет																																																			
ТаблицаФормы	БезВида	Использование	ЗапросОбновления	RefreshRequest	Запрос обновления	СпособЗапросаОбновления			Нет	None	Нет	ПотянутьСверху	PullFromTop	Потянуть сверху	ПотянутьСверхуИлиСнизу	PullFromTopOrBottom	Потянуть сверху или снизу	ПотянутьСнизу	PullFromBottom	Потянуть снизу																																																
ТаблицаФормы	БезВида	Использование	ИспользованиеТекущейСтроки	CurrentRowUse	Использование текущей строки	ИспользованиеТекущейСтрокиТаблицы	Авто		Авто	Auto	Авто	Выбор	Choice	Выбор	ОтображениеВыделения	SelectionPresentation	Отображение выделения	ОтображениеВыделенияИВыбор	SelectionPresentationAndChoice	Отображение выделения и выбор																																																
ТаблицаФормы	БезВида	Использование	ПоведениеПриСжатииПоГоризонтали	BehaviorOnHorizontalCompression	Поведение при сжатии по горизонтали	ПоведениеТаблицыПриСжатииПоГоризонтали	Авто		Авто	Auto	Авто	ПереноситьЭлементыПоВажности	MoveItemsByImportance	Переносить элементы по важности	СкрыватьЭлементыПоВажности	HideItemsByImportance	Скрывать элементы по важности																																																			
ТаблицаФормы	БезВида	Оформление	ГоризонтальныеЛинии	HorizontalLines	Горизонтальные линии	Булево																																																														
ТаблицаФормы	БезВида	Оформление	ВертикальныеЛинии	VerticalLines	Вертикальные линии	Булево																																																														
ТаблицаФормы	БезВида	Оформление	ЧередованиеЦветовСтрок	UseAlternationRowColor	Чередование цветов строк	Булево																																																														
ТаблицаФормы	БезВида	Оформление	ЦветФона	BackColor	Цвет фона	Цвет		Истина																																																												
ТаблицаФормы	БезВида	Оформление	ЦветТекста	TextColor	Цвет текста	Цвет		Истина																																																												
ТаблицаФормы	БезВида	Оформление	ЦветРамки	BorderColor	Цвет рамки	Цвет		Истина																																																												
ТаблицаФормы	БезВида	Оформление	Шрифт	Font	Шрифт	Шрифт		Истина																																																												
ТаблицаФормы	БезВида	Оформление	ЦветТекстаЗаголовка	TitleTextColor	Цвет текста заголовка	Цвет		Истина																																																												
ТаблицаФормы	БезВида	Оформление	ШрифтЗаголовка	TitleFont	Шрифт заголовка	Шрифт		Истина																																																												
ТаблицаФормы	БезВида	Расположение	Ширина	Width	Ширина	Число		Истина																																																												
ТаблицаФормы	БезВида	Расположение	АвтоМаксимальнаяШирина	AutoMaxWidth	Авто максимальная ширина	Булево	Истина	Истина																																																												
ТаблицаФормы	БезВида	Расположение	ВариантУправленияВысотой	HeightControlVariant	Вариант управления высотой	ВариантУправленияВысотойТаблицы	Авто		Авто	Auto	Авто	ВСтрокахТаблицы	UseHeightInTableRows	В строках таблицы	ВСтрокахФормы	UseHeightInFormRows	В строках формы	ПоСодержимому	UseContentHeight	По содержимому																																																
ТаблицаФормы	БезВида	Расположение	Высота	Height	Высота	Число		Истина																																																												
ТаблицаФормы	БезВида	Расположение	АвтоМаксимальнаяВысота	AutoMaxHeight	Авто максимальная высота	Булево	Истина	Истина																																																												
ТаблицаФормы	БезВида	Расположение	ВысотаВСтрокахТаблицы	HeightInTableRows	Высота в строках таблицы	Число																																																														
ТаблицаФормы	БезВида	Расположение	АвтоМаксимальнаяВысотаВСтрокахТаблицы	AutoMaxHeightInTableRows	Авто максимальная высота в строках таблицы	Булево	Истина																																																													
ТаблицаФормы	БезВида	Расположение	ГоризонтальноеПоложениеВГруппе	HorizontalAlignInGroup	Горизонтальное положение в группе	ГоризонтальноеПоложениеЭлемента	Авто	Истина	Авто	Auto	Авто	Лево	Left	Лево	Право	Right	Право	Центр	Center	Центр																																																
ТаблицаФормы	БезВида	Расположение	ВертикальноеПоложениеВГруппе	VerticalAlignInGroup	Вертикальное положение в группе	ВертикальноеПоложениеЭлемента	Авто	Истина	Авто	Auto	Авто	Верх	Top	Верх	Низ	Bottom	Низ	Центр	Center	Центр																																																
ТаблицаФормы	БезВида	Расположение	РастягиватьПоГоризонтали	HorizontalStretch	Растягивать по горизонтали	Булево		Истина																																																												
ТаблицаФормы	БезВида	Расположение	РастягиватьПоВертикали	VerticalStretch	Растягивать по вертикали	Булево		Истина																																																												
ТаблицаФормы	БезВида	Расположение	ВысотаШапки	HeaderHeight	Высота шапки	Число																																																														
ТаблицаФормы	БезВида	Расположение	ВысотаПодвала	FooterHeight	Высота подвала	Число																																																														
ТаблицаФормы	БезВида	Расположение	ВысотаЗаголовка	TitleHeight	Высота заголовка	Число		Истина																																																												
Форма	БезВида	Основные	Заголовок	Title	Заголовок	Строка		Истина																